image,category,ground_truth,prediction,CER
36_em_45.bmp,complex,x + ( - x ) \geq 0 + ( - x ),1 - 2 a + b - 2 a b = - 2 b + a - 2 a b <EOS> <EOS> <EOS> - b - 2 a b <EOS> <EOS> <EOS> <EOS> - 2 <EOS> <EOS> - 1 <EOS> <EOS> <EOS> <EOS> <EOS> <EOS> <EOS> <EOS> <EOS> <EOS> <EOS> <EOS> <EOS> <EOS> <EOS> <EOS> <EOS> <EOS> <EOS> <EOS> <EOS> <EOS> <EOS> <EOS> <EOS> <EOS> <EOS> <EOS> <EOS> <EOS> <EOS> <EOS> <EOS> <EOS> <EOS> <EOS> <EOS> <EOS> <EOS> <EOS> <EOS> <EOS> <EOS> <EOS> <EOS> <EOS> <EOS> <EOS> <EOS> <EOS> <EOS> <EOS> <EOS> <EOS> <EOS> <EOS> <EOS> <EOS> <EOS> <EOS> <EOS>,1.0
18_em_22.bmp,complex,p _ { 1 } ^ { \gamma _ { 1 } } p _ { 2 } ^ { \gamma _ { 2 } } \cdots p _ { n } ^ { \gamma _ { n } },x ^ { 2 } + x ^ { 2 } + x + 1 <EOS> x <EOS> <EOS> <EOS> <EOS> <EOS> <EOS> <EOS> <EOS> <EOS> <EOS> <EOS> <EOS> <EOS> <EOS> <EOS> <EOS> <EOS> <EOS> <EOS> <EOS> <EOS> <EOS> <EOS> <EOS> <EOS> <EOS> <EOS> <EOS> <EOS> <EOS> <EOS> <EOS> <EOS> <EOS> <EOS> <EOS> <EOS> <EOS> <EOS> <EOS> <EOS> <EOS> <EOS> <EOS> <EOS> <EOS> <EOS> <EOS> <EOS> <EOS> <EOS> <EOS> <EOS> <EOS> <EOS> <EOS> <EOS> <EOS> <EOS> <EOS> <EOS> <EOS> <EOS> <EOS> <EOS> <EOS> <EOS> <EOS> <EOS> <EOS> <EOS> <EOS> <EOS> <EOS> <EOS> <EOS> <EOS> <EOS> <EOS> <EOS> <EOS> <EOS> <EOS>,1.0
20_em_41.bmp,simple,9 / 5,x - 8 <EOS> <EOS> <EOS> <EOS> <EOS> <EOS> <EOS> <EOS> <EOS> <EOS> <EOS> <EOS> <EOS> <EOS> <EOS> <EOS> <EOS> <EOS> <EOS> <EOS> <EOS> <EOS> <EOS> <EOS> <EOS> <EOS> <EOS> <EOS> <EOS> <EOS> <EOS> <EOS> <EOS> <EOS> <EOS> <EOS> <EOS> <EOS> <EOS> <EOS> <EOS> <EOS> <EOS> <EOS> <EOS> <EOS> <EOS> <EOS> <EOS> <EOS> <EOS> <EOS> <EOS> <EOS> <EOS> <EOS> <EOS> <EOS> <EOS> <EOS> <EOS> <EOS> <EOS> <EOS> <EOS> <EOS> <EOS> <EOS> <EOS> <EOS> <EOS> <EOS> <EOS> <EOS> <EOS> <EOS> <EOS> <EOS> <EOS> <EOS> <EOS> <EOS> <EOS> <EOS> <EOS> <EOS> <EOS> <EOS> <EOS> <EOS> <EOS> <EOS> <EOS> <EOS> <EOS> <EOS> <EOS>,1.0
RIT_2014_176.bmp,simple,1 8 z,x - 8 <EOS> <EOS> <EOS> <EOS> <EOS> <EOS> <EOS> <EOS> <EOS> <EOS> <EOS> <EOS> <EOS> <EOS> <EOS> <EOS> <EOS> <EOS> <EOS> <EOS> <EOS> <EOS> <EOS> <EOS> <EOS> <EOS> <EOS> <EOS> <EOS> <EOS> <EOS> <EOS> <EOS> <EOS> <EOS> <EOS> <EOS> <EOS> <EOS> <EOS> <EOS> <EOS> <EOS> <EOS> <EOS> <EOS> <EOS> <EOS> <EOS> <EOS> <EOS> <EOS> <EOS> <EOS> <EOS> <EOS> <EOS> <EOS> <EOS> <EOS> <EOS> <EOS> <EOS> <EOS> <EOS> <EOS> <EOS> <EOS> <EOS> <EOS> <EOS> <EOS> <EOS> <EOS> <EOS> <EOS> <EOS> <EOS> <EOS> <EOS> <EOS> <EOS> <EOS> <EOS> <EOS> <EOS> <EOS> <EOS> <EOS> <EOS> <EOS> <EOS> <EOS> <EOS> <EOS> <EOS> <EOS>,1.0
RIT_2014_196.bmp,complex,\int \sin ^ { 2 } x d x,x ^ { 3 } + x ^ { 2 } <EOS> 1 <EOS> <EOS> <EOS> <EOS> <EOS> <EOS> <EOS> <EOS> <EOS> <EOS> <EOS> <EOS> <EOS> <EOS> <EOS> <EOS> <EOS> <EOS> <EOS> <EOS> <EOS> <EOS> <EOS> <EOS> <EOS> <EOS> <EOS> <EOS> <EOS> <EOS> <EOS> <EOS> <EOS> <EOS> <EOS> <EOS> <EOS> <EOS> <EOS> <EOS> <EOS> <EOS> <EOS> <EOS> <EOS> <EOS> <EOS> <EOS> <EOS> <EOS> <EOS> <EOS> <EOS> <EOS> <EOS> <EOS> <EOS> <EOS> <EOS> <EOS> <EOS> <EOS> <EOS> <EOS> <EOS> <EOS> <EOS> <EOS> <EOS> <EOS> <EOS> <EOS> <EOS> <EOS> <EOS> <EOS> <EOS> <EOS> <EOS> <EOS> <EOS> <EOS> <EOS> <EOS> <EOS> <EOS> <EOS>,1.0
31_em_176.bmp,complex,( \frac { \pi } { \sqrt { 2 } } ),\sqrt { 7 } + \sqrt { 9 } <EOS> <EOS> <EOS> <EOS> <EOS> <EOS> <EOS> <EOS> <EOS> <EOS> <EOS> <EOS> <EOS> <EOS> <EOS> <EOS> <EOS> <EOS> <EOS> <EOS> <EOS> <EOS> <EOS> <EOS> <EOS> <EOS> <EOS> <EOS> <EOS> <EOS> <EOS> <EOS> <EOS> <EOS> <EOS> <EOS> <EOS> <EOS> <EOS> <EOS> <EOS> <EOS> <EOS> <EOS> <EOS> <EOS> <EOS> <EOS> <EOS> <EOS> <EOS> <EOS> <EOS> <EOS> <EOS> <EOS> <EOS> <EOS> <EOS> <EOS> <EOS> <EOS> <EOS> <EOS> <EOS> <EOS> <EOS> <EOS> <EOS> <EOS> <EOS> <EOS> <EOS> <EOS> <EOS> <EOS> <EOS> <EOS> <EOS> <EOS> <EOS> <EOS> <EOS> <EOS> <EOS> <EOS> <EOS> <EOS> <EOS> <EOS> <EOS>,1.0
RIT_2014_146.bmp,complex,a _ { 1 1 } a _ { 2 2 } - a _ { 1 2 } a _ { 2 _ { 1 } },x ^ { 2 } + 2 x y + x y + x y - y ^ { 2 } <EOS> x + 1 <EOS> <EOS> <EOS> <EOS> <EOS> <EOS> <EOS> <EOS> <EOS> <EOS> <EOS> <EOS> <EOS> <EOS> <EOS> <EOS> <EOS> <EOS> <EOS> <EOS> <EOS> <EOS> <EOS> <EOS> <EOS> <EOS> <EOS> <EOS> <EOS> <EOS> <EOS> <EOS> <EOS> <EOS> <EOS> <EOS> <EOS> <EOS> <EOS> <EOS> <EOS> <EOS> <EOS> <EOS> <EOS> <EOS> <EOS> <EOS> <EOS> <EOS> <EOS> <EOS> <EOS> <EOS> <EOS> <EOS> <EOS> <EOS> <EOS> <EOS> <EOS> <EOS> <EOS> <EOS> <EOS> <EOS> <EOS> <EOS> <EOS> <EOS> <EOS> <EOS> <EOS> <EOS> <EOS>,1.0
37_em_18.bmp,complex,\frac { x \times x \times x \times x } { x \times x } = x \times x = x ^ { 2 },\frac { 1 - 2 p } { \sqrt { 1 - p } } = \sqrt { 3 } <EOS> 1 <EOS> <EOS> <EOS> <EOS> <EOS> <EOS> <EOS> <EOS> <EOS> <EOS> <EOS> <EOS> <EOS> <EOS> <EOS> <EOS> <EOS> <EOS> <EOS> <EOS> <EOS> <EOS> <EOS> <EOS> <EOS> <EOS> <EOS> <EOS> <EOS> <EOS> <EOS> <EOS> <EOS> <EOS> <EOS> <EOS> <EOS> <EOS> <EOS> <EOS> <EOS> <EOS> <EOS> <EOS> <EOS> <EOS> <EOS> <EOS> <EOS> <EOS> <EOS> <EOS> <EOS> <EOS> <EOS> <EOS> <EOS> <EOS> <EOS> <EOS> <EOS> <EOS> <EOS> <EOS> <EOS> <EOS> <EOS> <EOS> <EOS> <EOS> <EOS> <EOS> <EOS> <EOS> <EOS> <EOS> <EOS> <EOS>,1.0
502_em_7.bmp,complex,\sum \limits _ { k = 1 } ^ { n } a _ { k } + \sum \limits _ { k = 1 } ^ { n } b _ { k },\frac { 1 } { 3 } \sqrt { 3 } = \frac { 3 } { 3 } <EOS> 1 <EOS> 3 <EOS> <EOS> <EOS> <EOS> <EOS> <EOS> <EOS> <EOS> <EOS> <EOS> <EOS> <EOS> <EOS> <EOS> <EOS> <EOS> <EOS> <EOS> <EOS> <EOS> <EOS> <EOS> <EOS> <EOS> <EOS> <EOS> <EOS> <EOS> <EOS> <EOS> <EOS> <EOS> <EOS> <EOS> <EOS> <EOS> <EOS> <EOS> <EOS> <EOS> <EOS> <EOS> <EOS> <EOS> <EOS> <EOS> <EOS> <EOS> <EOS> <EOS> <EOS> <EOS> <EOS> <EOS> <EOS> <EOS> <EOS> <EOS> <EOS> <EOS> <EOS> <EOS> <EOS> <EOS> <EOS> <EOS> <EOS> <EOS> <EOS> <EOS> <EOS> <EOS> <EOS> <EOS> <EOS> <EOS> <EOS>,1.0
20_em_40.bmp,complex,\sqrt { 4 x ^ { 5 } + x },\sqrt { a } \sqrt { b } = \sqrt { a } <EOS> \sqrt { b } <EOS> <EOS> <EOS> <EOS> <EOS> <EOS> <EOS> <EOS> <EOS> <EOS> <EOS> <EOS> <EOS> <EOS> <EOS> <EOS> <EOS> <EOS> <EOS> <EOS> <EOS> <EOS> <EOS> <EOS> <EOS> <EOS> <EOS> <EOS> <EOS> <EOS> <EOS> <EOS> <EOS> <EOS> <EOS> <EOS> <EOS> <EOS> <EOS> <EOS> <EOS> <EOS> <EOS> <EOS> <EOS> <EOS> <EOS> <EOS> <EOS> <EOS> <EOS> <EOS> <EOS> <EOS> <EOS> <EOS> <EOS> <EOS> <EOS> <EOS> <EOS> <EOS> <EOS> <EOS> <EOS> <EOS> <EOS> <EOS> <EOS> <EOS> <EOS> <EOS> <EOS> <EOS> <EOS> <EOS> <EOS> <EOS> <EOS> <EOS> <EOS> <EOS>,1.0
23_em_66.bmp,complex,z ^ { 3 } + z = z,x ^ { 2 } + 2 x + 3 x <EOS> <EOS> <EOS> <EOS> <EOS> <EOS> <EOS> <EOS> <EOS> <EOS> <EOS> <EOS> <EOS> <EOS> <EOS> <EOS> <EOS> <EOS> <EOS> <EOS> <EOS> <EOS> <EOS> <EOS> <EOS> <EOS> <EOS> <EOS> <EOS> <EOS> <EOS> <EOS> <EOS> <EOS> <EOS> <EOS> <EOS> <EOS> <EOS> <EOS> <EOS> <EOS> <EOS> <EOS> <EOS> <EOS> <EOS> <EOS> <EOS> <EOS> <EOS> <EOS> <EOS> <EOS> <EOS> <EOS> <EOS> <EOS> <EOS> <EOS> <EOS> <EOS> <EOS> <EOS> <EOS> <EOS> <EOS> <EOS> <EOS> <EOS> <EOS> <EOS> <EOS> <EOS> <EOS> <EOS> <EOS> <EOS> <EOS> <EOS> <EOS> <EOS> <EOS> <EOS> <EOS> <EOS> <EOS> <EOS> <EOS>,1.0
RIT_2014_165.bmp,complex,p _ { 1 } ^ { \beta _ { 1 } } p _ { 2 } ^ { \beta 2 } \ldots p _ { n } ^ { \beta n },x ^ { 2 } + x ^ { 2 } + x + 1 <EOS> x <EOS> <EOS> <EOS> <EOS> <EOS> <EOS> <EOS> <EOS> <EOS> <EOS> <EOS> <EOS> <EOS> <EOS> <EOS> <EOS> <EOS> <EOS> <EOS> <EOS> <EOS> <EOS> <EOS> <EOS> <EOS> <EOS> <EOS> <EOS> <EOS> <EOS> <EOS> <EOS> <EOS> <EOS> <EOS> <EOS> <EOS> <EOS> <EOS> <EOS> <EOS> <EOS> <EOS> <EOS> <EOS> <EOS> <EOS> <EOS> <EOS> <EOS> <EOS> <EOS> <EOS> <EOS> <EOS> <EOS> <EOS> <EOS> <EOS> <EOS> <EOS> <EOS> <EOS> <EOS> <EOS> <EOS> <EOS> <EOS> <EOS> <EOS> <EOS> <EOS> <EOS> <EOS> <EOS> <EOS> <EOS> <EOS> <EOS> <EOS> <EOS> <EOS> <EOS>,1.0
31_em_184.bmp,complex,\frac { \sqrt { 8 1 } \times \sqrt { 2 } } { \sqrt { 1 0 0 } \times \sqrt { 2 } },\frac { \sqrt { 2 - \sqrt { 2 } } } { 2 \sqrt { 2 } } <EOS> <EOS> <EOS> <EOS> <EOS> <EOS> <EOS> <EOS> <EOS> <EOS> <EOS> <EOS> 0 } <EOS> <EOS> <EOS> <EOS> <EOS> 0 <EOS> 0 <EOS> 0 } <EOS> 1 <EOS> <EOS> 0 0 <EOS> 0 } <EOS> 1 <EOS> <EOS> <EOS> 0 0 0 <EOS> 0 } <EOS> 1 <EOS> <EOS> <EOS> <EOS> <EOS> <EOS> <EOS> <EOS> } <EOS> <EOS> <EOS> <EOS> <EOS> <EOS> <EOS> <EOS> <EOS> <EOS> <EOS> <EOS> <EOS> <EOS> <EOS> <EOS> <EOS> 0 } <EOS> <EOS> <EOS> 0 0 0,1.0
RIT_2014_24.bmp,complex,\frac { n + 1 - 1 } { n + 1 } = \frac { n } { n + 1 },\frac { 1 - 2 p } { \sqrt { 1 - p } } = \frac { 1 - p } { 1 - p ^ { \alpha } } <EOS> 1 <EOS> - p ^ { - 1 } <EOS> \frac { 1 } { 1 - z ^ { - 1 } } <EOS> 1 <EOS> z ^ { - 1 } <EOS> z ^ { - 1 } <EOS> z ^ { - 1 } <EOS> z ^ { - 1 } <EOS> z ^ { - 1 } <EOS> z ^ { - 1 },1.0
RIT_2014_160.bmp,complex,"\sigma _ { a } , \sigma _ { m }",x - \pi ( x ) <EOS> <EOS> <EOS> <EOS> <EOS> <EOS> <EOS> <EOS> <EOS> <EOS> <EOS> <EOS> <EOS> <EOS> <EOS> <EOS> <EOS> <EOS> <EOS> <EOS> <EOS> <EOS> <EOS> <EOS> <EOS> <EOS> <EOS> <EOS> <EOS> <EOS> <EOS> <EOS> <EOS> <EOS> <EOS> <EOS> <EOS> <EOS> <EOS> <EOS> <EOS> <EOS> <EOS> <EOS> <EOS> <EOS> <EOS> <EOS> <EOS> <EOS> <EOS> <EOS> <EOS> <EOS> <EOS> <EOS> <EOS> <EOS> <EOS> <EOS> <EOS> <EOS> <EOS> <EOS> <EOS> <EOS> <EOS> <EOS> <EOS> <EOS> <EOS> <EOS> <EOS> <EOS> <EOS> <EOS> <EOS> <EOS> <EOS> <EOS> <EOS> <EOS> <EOS> <EOS> <EOS> <EOS> <EOS> <EOS> <EOS> <EOS> <EOS> <EOS> <EOS> <EOS>,1.0
509_em_91.bmp,simple,\mu < 6,x - \pi ( x ) <EOS> <EOS> <EOS> <EOS> <EOS> <EOS> <EOS> <EOS> <EOS> <EOS> <EOS> <EOS> <EOS> <EOS> <EOS> <EOS> <EOS> <EOS> <EOS> <EOS> <EOS> <EOS> <EOS> <EOS> <EOS> <EOS> <EOS> <EOS> <EOS> <EOS> <EOS> <EOS> <EOS> <EOS> <EOS> <EOS> <EOS> <EOS> <EOS> <EOS> <EOS> <EOS> <EOS> <EOS> <EOS> <EOS> <EOS> <EOS> <EOS> <EOS> <EOS> <EOS> <EOS> <EOS> <EOS> <EOS> <EOS> <EOS> <EOS> <EOS> <EOS> <EOS> <EOS> <EOS> <EOS> <EOS> <EOS> <EOS> <EOS> <EOS> <EOS> <EOS> <EOS> <EOS> <EOS> <EOS> <EOS> <EOS> <EOS> <EOS> <EOS> <EOS> <EOS> <EOS> <EOS> <EOS> <EOS> <EOS> <EOS> <EOS> <EOS> <EOS> <EOS> <EOS>,1.0
501_em_16.bmp,complex,N _ { X Y },x _ { L L } \leq x _ { L } <EOS> <EOS> <EOS> <EOS> <EOS> <EOS> <EOS> <EOS> <EOS> <EOS> <EOS> <EOS> <EOS> <EOS> <EOS> <EOS> <EOS> <EOS> <EOS> <EOS> <EOS> <EOS> <EOS> <EOS> <EOS> <EOS> <EOS> <EOS> <EOS> <EOS> <EOS> <EOS> <EOS> <EOS> <EOS> <EOS> <EOS> <EOS> <EOS> <EOS> <EOS> <EOS> <EOS> <EOS> <EOS> <EOS> <EOS> <EOS> <EOS> <EOS> <EOS> <EOS> <EOS> <EOS> <EOS> <EOS> <EOS> <EOS> <EOS> <EOS> <EOS> <EOS> <EOS> <EOS> <EOS> <EOS> <EOS> <EOS> <EOS> <EOS> <EOS> <EOS> <EOS> <EOS> <EOS> <EOS> <EOS> <EOS> <EOS> <EOS> <EOS> <EOS> <EOS> <EOS> <EOS> <EOS> <EOS> <EOS>,1.0
RIT_2014_163.bmp,complex,\frac { 4 x ^ { 2 } - 9 } { 4 x ^ { 2 } + 1 2 x + 9 },\frac { 1 - 2 p } { \sqrt { 1 - p } } <EOS> \sqrt { n } <EOS> 1 <EOS> <EOS> <EOS> <EOS> <EOS> <EOS> <EOS> <EOS> } <EOS> 1 <EOS> <EOS> <EOS> <EOS> <EOS> <EOS> } <EOS> 1 <EOS> <EOS> <EOS> <EOS> <EOS> <EOS> <EOS> <EOS> <EOS> <EOS> <EOS> <EOS> <EOS> <EOS> <EOS> <EOS> <EOS> <EOS> <EOS> <EOS> <EOS> <EOS> <EOS> <EOS> <EOS> <EOS> <EOS> <EOS> <EOS> <EOS> <EOS> <EOS> <EOS> <EOS> <EOS> <EOS> <EOS> <EOS> <EOS> <EOS> <EOS> <EOS> <EOS> <EOS> <EOS> <EOS> <EOS> <EOS> <EOS> <EOS> <EOS> <EOS> <EOS> <EOS> <EOS> <EOS> <EOS> <EOS>,1.0
RIT_2014_60.bmp,complex,3 x + 1 = A ( x + 1 ) + B x,"1 0 0 , 0 0 0 <EOS> <EOS> <EOS> <EOS> <EOS> <EOS> <EOS> <EOS> <EOS> <EOS> <EOS> <EOS> <EOS> <EOS> <EOS> <EOS> <EOS> <EOS> <EOS> <EOS> <EOS> <EOS> <EOS> <EOS> <EOS> <EOS> <EOS> <EOS> <EOS> <EOS> <EOS> <EOS> <EOS> <EOS> <EOS> <EOS> <EOS> <EOS> <EOS> <EOS> <EOS> <EOS> <EOS> <EOS> <EOS> <EOS> <EOS> <EOS> <EOS> <EOS> <EOS> <EOS> <EOS> <EOS> <EOS> <EOS> <EOS> <EOS> <EOS> <EOS> <EOS> <EOS> <EOS> <EOS> <EOS> <EOS> <EOS> <EOS> <EOS> <EOS> <EOS> <EOS> <EOS> <EOS> <EOS> <EOS> <EOS> <EOS> <EOS> <EOS> <EOS> <EOS> <EOS> <EOS> <EOS> <EOS> <EOS> <EOS> <EOS> <EOS> <EOS> <EOS> <EOS>",1.0
34_em_249.bmp,complex,\frac { 2 } { n \pi } ( 1 - \cos ( n \pi ) ),\sqrt { 3 2 } + 2 \sqrt { 3 } <EOS> 2 \sqrt { 3 } <EOS> 1 <EOS> <EOS> <EOS> <EOS> <EOS> <EOS> <EOS> <EOS> <EOS> <EOS> <EOS> <EOS> <EOS> <EOS> <EOS> <EOS> <EOS> <EOS> <EOS> <EOS> <EOS> <EOS> <EOS> <EOS> <EOS> <EOS> <EOS> <EOS> <EOS> <EOS> <EOS> <EOS> <EOS> <EOS> <EOS> <EOS> <EOS> <EOS> <EOS> <EOS> <EOS> <EOS> <EOS> <EOS> <EOS> <EOS> <EOS> <EOS> <EOS> <EOS> <EOS> <EOS> <EOS> <EOS> <EOS> <EOS> <EOS> <EOS> <EOS> <EOS> <EOS> <EOS> <EOS> <EOS> <EOS> <EOS> <EOS> <EOS> <EOS> <EOS> <EOS> <EOS> <EOS> <EOS> <EOS> <EOS> <EOS> <EOS> <EOS> <EOS> <EOS>,1.0
RIT_2014_167.bmp,complex,\sqrt { c ^ { 2 } } = \sqrt { 8 1 0 0 0 0 + 5 6 2 5 0 0 },\sqrt { x ^ { 2 } - \sqrt { x } + \sqrt { x } = \sqrt { x } <EOS> x <EOS> x <EOS> <EOS> <EOS> <EOS> <EOS> <EOS> <EOS> <EOS> <EOS> <EOS> <EOS> <EOS> <EOS> <EOS> <EOS> <EOS> <EOS> <EOS> <EOS> <EOS> <EOS> <EOS> <EOS> <EOS> <EOS> <EOS> <EOS> <EOS> <EOS> <EOS> <EOS> <EOS> <EOS> <EOS> <EOS> <EOS> <EOS> <EOS> <EOS> <EOS> <EOS> <EOS> <EOS> <EOS> <EOS> <EOS> <EOS> <EOS> <EOS> <EOS> <EOS> <EOS> <EOS> <EOS> <EOS> <EOS> <EOS> <EOS> <EOS> <EOS> <EOS> <EOS> <EOS> <EOS> <EOS> <EOS> <EOS> <EOS> <EOS> <EOS> <EOS> <EOS> <EOS> <EOS>,1.0
26_em_89.bmp,complex,x ^ { 2 } + y ^ { 2 } = l _ { 1 } ^ { 2 } + l _ { 2 } ^ { 2 } + 2 l _ { 1 } l _ { 2 } c _ { 2 },1 + 1 + 1 + 1 + 1 + 1 + 1 + 1 + 1 + 1 + 1 + 1 + 1 = 1 + 1 + 1 + 1 + 1 = 1 + 1 <EOS> 1 <EOS> 1 <EOS> <EOS> <EOS> <EOS> <EOS> <EOS> <EOS> <EOS> <EOS> <EOS> <EOS> <EOS> <EOS> <EOS> <EOS> <EOS> <EOS> <EOS> <EOS> <EOS> <EOS> <EOS> <EOS> <EOS> <EOS> <EOS> <EOS> <EOS> <EOS> <EOS> <EOS> <EOS> <EOS> <EOS> <EOS> <EOS> <EOS> <EOS> <EOS> <EOS> <EOS> <EOS> <EOS> <EOS> <EOS> <EOS> <EOS> <EOS> <EOS> <EOS> <EOS> <EOS> <EOS> <EOS> <EOS> <EOS> <EOS>,1.0
511_em_272.bmp,medium,\tan ( - \theta ) = - \tan \theta,x ^ { 2 } ( x - x ) ^ { 2 } = ( x - 2 ) ^ { 2 } <EOS> x + 1 ) <EOS> <EOS> <EOS> <EOS> <EOS> <EOS> <EOS> <EOS> <EOS> <EOS> <EOS> <EOS> <EOS> <EOS> <EOS> <EOS> <EOS> <EOS> <EOS> <EOS> <EOS> <EOS> <EOS> <EOS> <EOS> <EOS> <EOS> <EOS> <EOS> <EOS> <EOS> <EOS> <EOS> <EOS> <EOS> <EOS> <EOS> <EOS> <EOS> <EOS> <EOS> <EOS> <EOS> <EOS> <EOS> <EOS> <EOS> <EOS> <EOS> <EOS> <EOS> <EOS> <EOS> <EOS> <EOS> <EOS> <EOS> <EOS> <EOS> <EOS> <EOS> <EOS> <EOS> <EOS> <EOS> <EOS> <EOS> <EOS> <EOS> <EOS> <EOS>,1.0
35_em_14.bmp,complex,x ^ { 3 } ( x - ( 2 x + 3 ) ( 2 x - 3 ) ),x ^ { 2 } + x + 1 + x ^ { 2 } = x ^ { 2 } + x + 1 <EOS> x <EOS> <EOS> <EOS> <EOS> <EOS> <EOS> <EOS> <EOS> <EOS> <EOS> <EOS> <EOS> <EOS> <EOS> <EOS> <EOS> <EOS> <EOS> <EOS> <EOS> <EOS> <EOS> <EOS> <EOS> <EOS> <EOS> <EOS> <EOS> <EOS> <EOS> <EOS> <EOS> <EOS> <EOS> <EOS> <EOS> <EOS> <EOS> <EOS> <EOS> <EOS> <EOS> <EOS> <EOS> <EOS> <EOS> <EOS> <EOS> <EOS> <EOS> <EOS> <EOS> <EOS> <EOS> <EOS> <EOS> <EOS> <EOS> <EOS> <EOS> <EOS> <EOS> <EOS> <EOS> <EOS> <EOS> <EOS> <EOS> <EOS> <EOS> <EOS> <EOS> <EOS>,1.0
RIT_2014_149.bmp,complex,\frac { \sin z } { z },\frac { \pi } { 8 } <EOS> <EOS> <EOS> <EOS> <EOS> <EOS> <EOS> <EOS> <EOS> <EOS> <EOS> <EOS> <EOS> <EOS> <EOS> <EOS> <EOS> <EOS> <EOS> <EOS> <EOS> <EOS> <EOS> <EOS> <EOS> <EOS> <EOS> <EOS> <EOS> <EOS> <EOS> <EOS> <EOS> <EOS> <EOS> <EOS> <EOS> <EOS> <EOS> <EOS> <EOS> <EOS> <EOS> <EOS> <EOS> <EOS> <EOS> <EOS> <EOS> <EOS> <EOS> <EOS> <EOS> <EOS> <EOS> <EOS> <EOS> <EOS> <EOS> <EOS> <EOS> <EOS> <EOS> <EOS> <EOS> <EOS> <EOS> <EOS> <EOS> <EOS> <EOS> <EOS> <EOS> <EOS> <EOS> <EOS> <EOS> <EOS> <EOS> <EOS> <EOS> <EOS> <EOS> <EOS> <EOS> <EOS> <EOS> <EOS> <EOS> <EOS> <EOS> <EOS> <EOS>,1.0
RIT_2014_234.bmp,complex,\frac { 1 - \sqrt { 3 } } { 1 + \sqrt { 3 } },\frac { 1 - p } { \sqrt { p q } } <EOS> \sqrt { p q } <EOS> \sqrt { c } <EOS> <EOS> <EOS> <EOS> <EOS> <EOS> <EOS> <EOS> <EOS> <EOS> <EOS> <EOS> <EOS> <EOS> <EOS> <EOS> } <EOS> <EOS> <EOS> <EOS> <EOS> <EOS> <EOS> <EOS> <EOS> <EOS> <EOS> <EOS> <EOS> <EOS> <EOS> <EOS> <EOS> <EOS> <EOS> <EOS> <EOS> <EOS> <EOS> <EOS> <EOS> <EOS> <EOS> <EOS> <EOS> <EOS> <EOS> <EOS> <EOS> <EOS> <EOS> <EOS> <EOS> <EOS> <EOS> <EOS> <EOS> <EOS> <EOS> <EOS> <EOS> <EOS> <EOS> <EOS> <EOS> <EOS> <EOS> <EOS> <EOS> <EOS> <EOS> <EOS> <EOS> <EOS> <EOS>,1.0
31_em_189.bmp,simple,x . y,x - 8 <EOS> <EOS> <EOS> <EOS> <EOS> <EOS> <EOS> <EOS> <EOS> <EOS> <EOS> <EOS> <EOS> <EOS> <EOS> <EOS> <EOS> <EOS> <EOS> <EOS> <EOS> <EOS> <EOS> <EOS> <EOS> <EOS> <EOS> <EOS> <EOS> <EOS> <EOS> <EOS> <EOS> <EOS> <EOS> <EOS> <EOS> <EOS> <EOS> <EOS> <EOS> <EOS> <EOS> <EOS> <EOS> <EOS> <EOS> <EOS> <EOS> <EOS> <EOS> <EOS> <EOS> <EOS> <EOS> <EOS> <EOS> <EOS> <EOS> <EOS> <EOS> <EOS> <EOS> <EOS> <EOS> <EOS> <EOS> <EOS> <EOS> <EOS> <EOS> <EOS> <EOS> <EOS> <EOS> <EOS> <EOS> <EOS> <EOS> <EOS> <EOS> <EOS> <EOS> <EOS> <EOS> <EOS> <EOS> <EOS> <EOS> <EOS> <EOS> <EOS> <EOS> <EOS> <EOS> <EOS> <EOS>,1.0
519_em_450.bmp,simple,z \rightarrow - z,1 - w <EOS> <EOS> <EOS> <EOS> <EOS> <EOS> <EOS> <EOS> <EOS> <EOS> <EOS> <EOS> <EOS> <EOS> <EOS> <EOS> <EOS> <EOS> <EOS> <EOS> <EOS> <EOS> <EOS> <EOS> <EOS> <EOS> <EOS> <EOS> <EOS> <EOS> <EOS> <EOS> <EOS> <EOS> <EOS> <EOS> <EOS> <EOS> <EOS> <EOS> <EOS> <EOS> <EOS> <EOS> <EOS> <EOS> <EOS> <EOS> <EOS> <EOS> <EOS> <EOS> <EOS> <EOS> <EOS> <EOS> <EOS> <EOS> <EOS> <EOS> <EOS> <EOS> <EOS> <EOS> <EOS> <EOS> <EOS> <EOS> <EOS> <EOS> <EOS> <EOS> <EOS> <EOS> <EOS> <EOS> <EOS> <EOS> <EOS> <EOS> <EOS> <EOS> <EOS> <EOS> <EOS> <EOS> <EOS> <EOS> <EOS> <EOS> <EOS> <EOS> <EOS> <EOS> <EOS> <EOS> <EOS>,1.0
513_em_312.bmp,complex,( \cos \theta + i \sin \theta ) ^ { n } = \cos n \theta + i \sin n \theta,x - \pi ( x ) <EOS> <EOS> - 2 x <EOS> <EOS> <EOS> <EOS> <EOS> <EOS> <EOS> <EOS> <EOS> <EOS> <EOS> <EOS> <EOS> <EOS> <EOS> <EOS> <EOS> <EOS> <EOS> <EOS> <EOS> <EOS> <EOS> <EOS> <EOS> <EOS> <EOS> <EOS> <EOS> <EOS> <EOS> <EOS> <EOS> <EOS> <EOS> <EOS> <EOS> <EOS> <EOS> <EOS> <EOS> <EOS> <EOS> <EOS> <EOS> <EOS> <EOS> <EOS> <EOS> <EOS> <EOS> 0 <EOS> <EOS> <EOS> <EOS> <EOS> <EOS> 0 <EOS> <EOS> <EOS> <EOS> <EOS> <EOS> <EOS> 0 <EOS> <EOS> <EOS> <EOS> <EOS> <EOS> <EOS> <EOS> <EOS> 0 <EOS> <EOS> <EOS> <EOS> <EOS> <EOS> <EOS> <EOS> <EOS> <EOS> <EOS> <EOS>,1.0
37_em_11.bmp,complex,w ^ { - 2 },1 2 <EOS> <EOS> <EOS> <EOS> <EOS> <EOS> <EOS> <EOS> <EOS> <EOS> <EOS> <EOS> <EOS> <EOS> <EOS> <EOS> <EOS> <EOS> <EOS> <EOS> <EOS> <EOS> <EOS> <EOS> <EOS> <EOS> <EOS> <EOS> <EOS> <EOS> <EOS> <EOS> <EOS> <EOS> <EOS> <EOS> <EOS> <EOS> <EOS> <EOS> <EOS> <EOS> <EOS> <EOS> <EOS> <EOS> <EOS> <EOS> <EOS> <EOS> <EOS> <EOS> <EOS> <EOS> <EOS> <EOS> <EOS> <EOS> <EOS> <EOS> <EOS> <EOS> <EOS> <EOS> <EOS> <EOS> <EOS> <EOS> <EOS> <EOS> <EOS> <EOS> <EOS> <EOS> <EOS> <EOS> <EOS> <EOS> <EOS> <EOS> <EOS> <EOS> <EOS> <EOS> <EOS> <EOS> <EOS> <EOS> <EOS> <EOS> <EOS> <EOS> <EOS> <EOS> <EOS> <EOS> <EOS> <EOS>,1.0
31_em_193.bmp,complex,"r _ { i } + d r _ { i } , p _ { i } + d p _ { i }",x ^ { 2 } + x + 1 + x ^ { 2 } + x + 1 <EOS> x <EOS> <EOS> <EOS> <EOS> <EOS> <EOS> <EOS> <EOS> <EOS> <EOS> <EOS> <EOS> <EOS> <EOS> <EOS> <EOS> <EOS> <EOS> <EOS> <EOS> <EOS> <EOS> <EOS> <EOS> <EOS> <EOS> <EOS> <EOS> <EOS> <EOS> <EOS> <EOS> <EOS> <EOS> <EOS> <EOS> <EOS> <EOS> <EOS> <EOS> <EOS> <EOS> <EOS> <EOS> <EOS> <EOS> <EOS> <EOS> <EOS> <EOS> <EOS> <EOS> <EOS> <EOS> <EOS> <EOS> <EOS> <EOS> <EOS> <EOS> <EOS> <EOS> <EOS> <EOS> <EOS> <EOS> <EOS> <EOS> <EOS> <EOS> <EOS> <EOS> <EOS> <EOS> <EOS> <EOS> <EOS> <EOS> <EOS>,1.0
RIT_2014_51.bmp,complex,"1 , 0 0 0 , 0 0 0 , 0 0 0",1 + 1 + 1 + 1 + 1 + 1 + 1 + 1 + 1 + 1 + 1 + 1 + 1 = 5 <EOS> <EOS> <EOS> <EOS> <EOS> <EOS> <EOS> <EOS> <EOS> <EOS> <EOS> <EOS> <EOS> <EOS> <EOS> <EOS> <EOS> <EOS> <EOS> <EOS> <EOS> <EOS> <EOS> <EOS> <EOS> <EOS> <EOS> <EOS> <EOS> <EOS> <EOS> <EOS> <EOS> <EOS> <EOS> <EOS> <EOS> <EOS> <EOS> <EOS> <EOS> <EOS> <EOS> <EOS> <EOS> <EOS> <EOS> <EOS> <EOS> <EOS> <EOS> <EOS> <EOS> <EOS> <EOS> <EOS> <EOS> <EOS> <EOS> <EOS> <EOS> <EOS> <EOS> <EOS> <EOS> <EOS> <EOS> <EOS> <EOS> <EOS> <EOS> <EOS> <EOS>,1.0
20_em_37.bmp,complex,\frac { 3 \times 3 ^ { 2 } } { 2 } + \frac { 5 \times ( - 5 ) ^ { 2 } } { 2 } = \frac { 3 \times v _ { 1 } ^ { 2 } } { 2 } + \frac { 5 \times v _ { 2 } ^ { 2 } } { 2 },x - \pi ( x ) <EOS> <EOS> <EOS> <EOS> <EOS> <EOS> <EOS> <EOS> <EOS> <EOS> <EOS> <EOS> <EOS> <EOS> <EOS> <EOS> <EOS> <EOS> <EOS> <EOS> <EOS> <EOS> <EOS> <EOS> <EOS> <EOS> <EOS> <EOS> <EOS> <EOS> <EOS> <EOS> <EOS> <EOS> <EOS> <EOS> <EOS> <EOS> <EOS> <EOS> <EOS> <EOS> <EOS> <EOS> <EOS> <EOS> <EOS> <EOS> <EOS> <EOS> <EOS> <EOS> <EOS> <EOS> <EOS> <EOS> <EOS> <EOS> <EOS> <EOS> <EOS> <EOS> <EOS> <EOS> <EOS> <EOS> <EOS> <EOS> <EOS> <EOS> <EOS> <EOS> <EOS> <EOS> <EOS> <EOS> <EOS> <EOS> <EOS> <EOS> <EOS> <EOS> <EOS> <EOS> <EOS> <EOS> <EOS> <EOS> <EOS> <EOS> <EOS> <EOS> <EOS> <EOS>,1.0
501_em_15.bmp,complex,\frac { 2 9 3 0 2 } { 7 5 8 0 3 } = \frac { 7 \times 7 \times 1 3 \times 4 6 } { 7 \times 7 \times 1 3 \times 1 1 9 } = \frac { 4 6 } { 1 1 9 },\frac { a z ^ { - 1 } ( 1 + a z ^ { - 1 } ) } { ( 1 - a z ^ { - 1 } ) } <EOS> ( 1 - z ^ { - 1 } ) } <EOS> <EOS> <EOS> <EOS> <EOS> <EOS> <EOS> <EOS> <EOS> - 2 r ^ { 2 } <EOS> 1 1 1 } <EOS> <EOS> <EOS> <EOS> <EOS> c ^ { 2 } - \frac { 1 } { n } c ^ { 2 } <EOS> 1 <EOS> 1 - 1 ) <EOS> <EOS> <EOS>,1.0
RIT_2014_257.bmp,complex,\frac { 1 1 } { 3 } \sqrt { 3 },\frac { 1 } { 3 } <EOS> \sqrt { 3 } <EOS> 1 <EOS> <EOS> <EOS> <EOS> <EOS> <EOS> <EOS> <EOS> <EOS> <EOS> <EOS> <EOS> <EOS> <EOS> <EOS> <EOS> <EOS> <EOS> <EOS> <EOS> <EOS> <EOS> <EOS> <EOS> <EOS> <EOS> <EOS> <EOS> <EOS> <EOS> <EOS> <EOS> <EOS> <EOS> <EOS> <EOS> <EOS> <EOS> <EOS> <EOS> <EOS> <EOS> <EOS> <EOS> <EOS> <EOS> <EOS> <EOS> <EOS> <EOS> <EOS> <EOS> <EOS> <EOS> <EOS> <EOS> <EOS> <EOS> <EOS> 0 <EOS> 0 <EOS> 0 <EOS> 0 <EOS> 0 <EOS> 0 <EOS> 0 <EOS> 0 <EOS> 0 <EOS> 0 <EOS> 0 <EOS> 0 <EOS> 0 <EOS> 0,1.0
26_em_80.bmp,complex,\frac { 3 1 9 } { 2 8 } = 1 1 . 3 9,\frac { 1 } { 2 } \div \frac { 1 } { 3 } <EOS> \frac { 1 } { 4 } <EOS> <EOS> <EOS> <EOS> <EOS> <EOS> <EOS> <EOS> <EOS> <EOS> <EOS> <EOS> <EOS> <EOS> <EOS> <EOS> <EOS> <EOS> <EOS> <EOS> <EOS> <EOS> <EOS> <EOS> <EOS> <EOS> <EOS> <EOS> <EOS> <EOS> <EOS> <EOS> <EOS> <EOS> <EOS> <EOS> <EOS> <EOS> <EOS> <EOS> <EOS> <EOS> <EOS> <EOS> <EOS> <EOS> <EOS> <EOS> <EOS> <EOS> <EOS> <EOS> <EOS> <EOS> <EOS> <EOS> <EOS> <EOS> <EOS> <EOS> <EOS> <EOS> <EOS> <EOS> <EOS> <EOS> <EOS> <EOS> <EOS> <EOS> <EOS> <EOS> <EOS> <EOS> <EOS> <EOS> <EOS>,1.0
36_em_47.bmp,complex,7 0 ^ { o },1 2 <EOS> <EOS> <EOS> <EOS> <EOS> <EOS> <EOS> <EOS> <EOS> <EOS> <EOS> <EOS> <EOS> <EOS> <EOS> <EOS> <EOS> <EOS> <EOS> <EOS> <EOS> <EOS> <EOS> <EOS> <EOS> <EOS> <EOS> <EOS> <EOS> <EOS> <EOS> <EOS> <EOS> <EOS> <EOS> <EOS> <EOS> <EOS> <EOS> <EOS> <EOS> <EOS> <EOS> <EOS> <EOS> <EOS> <EOS> <EOS> <EOS> <EOS> <EOS> <EOS> <EOS> <EOS> <EOS> <EOS> <EOS> <EOS> <EOS> <EOS> <EOS> <EOS> <EOS> <EOS> <EOS> <EOS> <EOS> <EOS> <EOS> <EOS> <EOS> <EOS> <EOS> <EOS> <EOS> <EOS> <EOS> <EOS> <EOS> <EOS> <EOS> <EOS> <EOS> <EOS> <EOS> <EOS> <EOS> <EOS> <EOS> <EOS> <EOS> <EOS> <EOS> <EOS> <EOS> <EOS> <EOS> <EOS>,1.0
RIT_2014_205.bmp,complex,"\sigma _ { a } , \sigma _ { m }",x - \pi ( x ) <EOS> <EOS> <EOS> <EOS> <EOS> <EOS> <EOS> <EOS> <EOS> <EOS> <EOS> <EOS> <EOS> <EOS> <EOS> <EOS> <EOS> <EOS> <EOS> <EOS> <EOS> <EOS> <EOS> <EOS> <EOS> <EOS> <EOS> <EOS> <EOS> <EOS> <EOS> <EOS> <EOS> <EOS> <EOS> <EOS> <EOS> <EOS> <EOS> <EOS> <EOS> <EOS> <EOS> <EOS> <EOS> <EOS> <EOS> <EOS> <EOS> <EOS> <EOS> <EOS> <EOS> <EOS> <EOS> <EOS> <EOS> <EOS> <EOS> <EOS> <EOS> <EOS> <EOS> <EOS> <EOS> <EOS> <EOS> <EOS> <EOS> <EOS> <EOS> <EOS> <EOS> <EOS> <EOS> <EOS> <EOS> <EOS> <EOS> <EOS> <EOS> <EOS> <EOS> <EOS> <EOS> <EOS> <EOS> <EOS> <EOS> <EOS> <EOS> <EOS> <EOS> <EOS>,1.0
511_em_264.bmp,complex,( e ^ { 8 } - 9 ) / 9,x ^ { 2 } + x + 1 <EOS> x + 1 <EOS> x <EOS> <EOS> <EOS> <EOS> <EOS> <EOS> <EOS> <EOS> <EOS> <EOS> <EOS> <EOS> <EOS> <EOS> <EOS> <EOS> <EOS> <EOS> <EOS> <EOS> <EOS> <EOS> <EOS> <EOS> <EOS> <EOS> <EOS> <EOS> <EOS> <EOS> <EOS> <EOS> <EOS> <EOS> <EOS> <EOS> <EOS> <EOS> <EOS> <EOS> <EOS> <EOS> <EOS> <EOS> <EOS> <EOS> <EOS> <EOS> <EOS> <EOS> <EOS> <EOS> <EOS> <EOS> <EOS> <EOS> <EOS> <EOS> <EOS> <EOS> <EOS> <EOS> <EOS> <EOS> <EOS> <EOS> <EOS> <EOS> <EOS> <EOS> <EOS> <EOS> <EOS> <EOS> <EOS> <EOS> <EOS> <EOS> <EOS> <EOS> <EOS> <EOS> <EOS> <EOS> <EOS>,1.0
RIT_2014_242.bmp,complex,"\{ a _ { 1 } , a _ { 2 } , a _ { 3 } , a _ { 4 } \}",x ^ { 2 } + x + 1 <EOS> x <EOS> <EOS> <EOS> <EOS> <EOS> <EOS> <EOS> <EOS> <EOS> <EOS> <EOS> <EOS> <EOS> <EOS> <EOS> <EOS> <EOS> <EOS> <EOS> <EOS> <EOS> <EOS> <EOS> <EOS> <EOS> <EOS> <EOS> <EOS> <EOS> <EOS> <EOS> <EOS> <EOS> <EOS> <EOS> <EOS> <EOS> <EOS> <EOS> <EOS> <EOS> <EOS> <EOS> <EOS> <EOS> <EOS> <EOS> <EOS> <EOS> <EOS> <EOS> <EOS> <EOS> <EOS> <EOS> <EOS> <EOS> <EOS> <EOS> <EOS> <EOS> <EOS> <EOS> <EOS> <EOS> <EOS> <EOS> <EOS> <EOS> <EOS> <EOS> <EOS> <EOS> <EOS> <EOS> <EOS> <EOS> <EOS> <EOS> <EOS> <EOS> <EOS> <EOS> <EOS> <EOS> <EOS> <EOS> <EOS> <EOS>,1.0
37_em_31.bmp,medium,M = E - e \sin E,x ^ { 2 } + 2 x y + y ^ { 2 } = x ^ { 2 } + 2 x y + y ^ { 2 } <EOS> 1 + 1 <EOS> <EOS> <EOS> <EOS> <EOS> <EOS> <EOS> <EOS> <EOS> <EOS> <EOS> <EOS> <EOS> <EOS> <EOS> <EOS> <EOS> <EOS> <EOS> <EOS> <EOS> <EOS> <EOS> <EOS> <EOS> <EOS> <EOS> <EOS> <EOS> <EOS> <EOS> <EOS> <EOS> <EOS> <EOS> <EOS> <EOS> <EOS> <EOS> <EOS> <EOS> <EOS> <EOS> <EOS> <EOS> <EOS> <EOS> <EOS> <EOS> <EOS> <EOS> <EOS> <EOS> <EOS> <EOS> <EOS> <EOS> <EOS> <EOS> <EOS> <EOS> <EOS> <EOS> <EOS> <EOS>,1.0
28_em_146.bmp,complex,\frac { 1 9 9 } { 1 1 },\frac { 1 - p } { 1 - z ^ { - 1 } } <EOS> 1 <EOS> <EOS> <EOS> <EOS> <EOS> <EOS> <EOS> <EOS> <EOS> <EOS> <EOS> <EOS> <EOS> <EOS> <EOS> <EOS> <EOS> <EOS> <EOS> <EOS> <EOS> <EOS> <EOS> <EOS> <EOS> <EOS> <EOS> <EOS> <EOS> <EOS> <EOS> <EOS> <EOS> <EOS> <EOS> <EOS> <EOS> <EOS> <EOS> <EOS> <EOS> <EOS> <EOS> <EOS> <EOS> <EOS> <EOS> <EOS> <EOS> <EOS> <EOS> <EOS> <EOS> <EOS> <EOS> <EOS> 0 <EOS> 0 <EOS> 0 <EOS> 0 <EOS> 0 <EOS> 0 <EOS> 0 <EOS> 0 <EOS> 0 <EOS> 0 <EOS> 0 <EOS> 0 <EOS> 0 <EOS>,1.0
512_em_280.bmp,medium,3 . 0 0 0 0 0 0 0 3,1 0 0 0 0 0 0 0 0 0 0 0 0 0 0 0 0 0 0 0 <EOS> <EOS> <EOS> <EOS> <EOS> <EOS> <EOS> <EOS> <EOS> <EOS> <EOS> <EOS> <EOS> <EOS> <EOS> <EOS> <EOS> <EOS> <EOS> <EOS> <EOS> <EOS> <EOS> <EOS> <EOS> <EOS> <EOS> <EOS> <EOS> <EOS> <EOS> <EOS> <EOS> <EOS> <EOS> <EOS> <EOS> <EOS> <EOS> <EOS> <EOS> <EOS> <EOS> <EOS> <EOS> <EOS> <EOS> <EOS> <EOS> <EOS> <EOS> <EOS> <EOS> <EOS> <EOS> <EOS> <EOS> <EOS> <EOS> <EOS> <EOS> <EOS> <EOS> <EOS> <EOS> <EOS> <EOS> <EOS> <EOS> <EOS> <EOS> <EOS> <EOS> <EOS> <EOS> <EOS> <EOS> <EOS> <EOS> <EOS>,1.0
RIT_2014_284.bmp,simple,- 3 9,\sqrt { 4 5 } <EOS> <EOS> <EOS> <EOS> <EOS> <EOS> <EOS> <EOS> <EOS> <EOS> <EOS> <EOS> <EOS> <EOS> <EOS> <EOS> <EOS> <EOS> <EOS> <EOS> <EOS> <EOS> <EOS> <EOS> <EOS> <EOS> <EOS> <EOS> <EOS> <EOS> <EOS> <EOS> <EOS> <EOS> <EOS> <EOS> <EOS> <EOS> <EOS> <EOS> <EOS> <EOS> <EOS> <EOS> <EOS> <EOS> <EOS> <EOS> <EOS> <EOS> <EOS> <EOS> <EOS> <EOS> <EOS> <EOS> <EOS> <EOS> <EOS> <EOS> <EOS> <EOS> <EOS> <EOS> <EOS> <EOS> <EOS> <EOS> <EOS> <EOS> <EOS> <EOS> <EOS> <EOS> <EOS> <EOS> <EOS> <EOS> <EOS> <EOS> <EOS> <EOS> <EOS> <EOS> <EOS> <EOS> <EOS> <EOS> <EOS> <EOS> <EOS> <EOS> <EOS> <EOS> <EOS>,1.0
26_em_97.bmp,complex,\sqrt { - 4 } = \sqrt { - 1 } \sqrt { 4 },\sqrt { a } \sqrt { b } = \sqrt { a } \sqrt { b } <EOS> <EOS> <EOS> <EOS> <EOS> <EOS> <EOS> <EOS> <EOS> <EOS> <EOS> <EOS> <EOS> <EOS> <EOS> <EOS> <EOS> <EOS> <EOS> <EOS> <EOS> <EOS> <EOS> <EOS> <EOS> <EOS> <EOS> <EOS> <EOS> <EOS> <EOS> <EOS> <EOS> <EOS> <EOS> <EOS> <EOS> <EOS> <EOS> <EOS> <EOS> <EOS> <EOS> <EOS> <EOS> <EOS> _ { 0 } <EOS> <EOS> <EOS> <EOS> <EOS> <EOS> <EOS> <EOS> <EOS> <EOS> <EOS> <EOS> <EOS> <EOS> <EOS> <EOS> <EOS> _ { 0 } <EOS> <EOS> <EOS> <EOS> <EOS> <EOS> <EOS> <EOS> _ { 0 },1.0
504_em_39.bmp,complex,\frac { \sqrt { 2 7 } } { \sqrt [ 3 ] { 9 } },\frac { \sqrt { 2 7 } } { \sqrt [ 3 ] { 9 } } <EOS> <EOS> <EOS> <EOS> <EOS> <EOS> <EOS> <EOS> <EOS> <EOS> <EOS> <EOS> <EOS> <EOS> <EOS> <EOS> <EOS> <EOS> <EOS> <EOS> <EOS> <EOS> <EOS> <EOS> <EOS> <EOS> <EOS> <EOS> <EOS> <EOS> <EOS> <EOS> <EOS> <EOS> <EOS> <EOS> <EOS> <EOS> <EOS> <EOS> <EOS> <EOS> <EOS> <EOS> <EOS> <EOS> <EOS> <EOS> <EOS> <EOS> <EOS> <EOS> <EOS> <EOS> <EOS> <EOS> <EOS> <EOS> <EOS> <EOS> <EOS> <EOS> <EOS> <EOS> <EOS> <EOS> <EOS> <EOS> <EOS> <EOS> <EOS> <EOS> <EOS> <EOS> <EOS> <EOS> <EOS> <EOS> <EOS> <EOS> <EOS> <EOS> <EOS>,1.0
501_em_18.bmp,complex,\frac { 2 G M r - 2 r ^ { 3 } \pm r \sqrt { 4 r ^ { 4 } - 8 G M r ^ { 2 } + 4 G ^ { 2 } M ^ { 2 } - 4 r ^ { 4 } + 4 G M r ^ { 2 } } } { 2 ( r ^ { 2 } - G M ) },\frac { 1 - 2 p } { \sqrt { 3 } + 1 } = \frac { 1 + \sqrt { 3 } } { 2 } <EOS> \sqrt { 3 } <EOS> 1 <EOS> <EOS> <EOS> <EOS> <EOS> <EOS> <EOS> <EOS> <EOS> <EOS> <EOS> <EOS> <EOS> <EOS> <EOS> <EOS> <EOS> <EOS> <EOS> <EOS> <EOS> <EOS> <EOS> <EOS> <EOS> <EOS> <EOS> <EOS> <EOS> <EOS> <EOS> <EOS> <EOS> <EOS> <EOS> <EOS> <EOS> <EOS> <EOS> <EOS> <EOS> <EOS> <EOS> <EOS> <EOS> <EOS> <EOS> <EOS> <EOS> <EOS> <EOS> <EOS> <EOS> <EOS> <EOS> <EOS> <EOS> <EOS> <EOS> <EOS> <EOS> <EOS> <EOS> <EOS> <EOS>,1.0
34_em_225.bmp,complex,x ^ { 3 } + 3 x ^ { 2 } y + 3 x y ^ { 2 } + y ^ { 3 },1 + 1 + 1 + 1 + 1 + 1 + 1 + 1 + 1 + 1 + 1 + 1 + 1 + 1 = 5 <EOS> <EOS> <EOS> <EOS> <EOS> <EOS> <EOS> <EOS> <EOS> <EOS> <EOS> <EOS> <EOS> <EOS> <EOS> <EOS> <EOS> <EOS> <EOS> <EOS> <EOS> <EOS> <EOS> <EOS> <EOS> <EOS> <EOS> <EOS> <EOS> <EOS> <EOS> <EOS> <EOS> <EOS> <EOS> <EOS> <EOS> <EOS> <EOS> <EOS> <EOS> <EOS> <EOS> <EOS> <EOS> <EOS> <EOS> <EOS> <EOS> <EOS> <EOS> <EOS> <EOS> <EOS> <EOS> <EOS> <EOS> <EOS> <EOS> <EOS> <EOS> <EOS> <EOS> <EOS> <EOS> <EOS> <EOS> <EOS> <EOS> <EOS> <EOS>,1.0
503_em_30.bmp,complex,\frac { - 6 x } { - 6 } < \frac { 1 8 } { - 6 },\frac { 1 } { 1 - z ^ { - 1 } } <EOS> 1 - z ^ { - 1 } <EOS> z ^ { - 1 } <EOS> z ^ { - 1 } <EOS> z ^ { - 1 } <EOS> z ^ { - 1 } <EOS> z ^ { - 1 } <EOS> 1 <EOS> z ^ { - 1 } <EOS> 1 <EOS> 1 <EOS> 1 <EOS> 1 <EOS> 1 <EOS> 1 <EOS> 1 <EOS> 1 <EOS> 1 <EOS> 1 <EOS> 1 - 1 2 <EOS> 1 0 ^ { - 1 },1.0
RIT_2014_52.bmp,complex,\int x + 5 d x,x ^ { 2 } + x + 1 <EOS> x <EOS> <EOS> <EOS> <EOS> <EOS> <EOS> <EOS> <EOS> <EOS> <EOS> <EOS> <EOS> <EOS> <EOS> <EOS> <EOS> <EOS> <EOS> <EOS> <EOS> <EOS> <EOS> <EOS> <EOS> <EOS> <EOS> <EOS> <EOS> <EOS> <EOS> <EOS> <EOS> <EOS> <EOS> <EOS> <EOS> <EOS> <EOS> <EOS> <EOS> <EOS> <EOS> <EOS> <EOS> <EOS> <EOS> <EOS> <EOS> <EOS> <EOS> <EOS> <EOS> <EOS> <EOS> <EOS> <EOS> <EOS> <EOS> <EOS> <EOS> <EOS> <EOS> <EOS> <EOS> <EOS> <EOS> <EOS> <EOS> <EOS> <EOS> <EOS> <EOS> <EOS> <EOS> <EOS> <EOS> <EOS> <EOS> <EOS> <EOS> <EOS> <EOS> <EOS> <EOS> <EOS> <EOS> <EOS> <EOS> <EOS>,1.0
23_em_61.bmp,simple,\cos 2 \alpha,x ^ { 2 } + 2 x + 1 <EOS> x <EOS> <EOS> <EOS> <EOS> <EOS> <EOS> <EOS> <EOS> <EOS> <EOS> <EOS> <EOS> <EOS> <EOS> <EOS> <EOS> <EOS> <EOS> <EOS> <EOS> <EOS> <EOS> <EOS> <EOS> <EOS> <EOS> <EOS> <EOS> <EOS> <EOS> <EOS> <EOS> <EOS> <EOS> <EOS> <EOS> <EOS> <EOS> <EOS> <EOS> <EOS> <EOS> <EOS> <EOS> <EOS> <EOS> <EOS> <EOS> <EOS> <EOS> <EOS> <EOS> <EOS> <EOS> <EOS> <EOS> <EOS> <EOS> <EOS> <EOS> <EOS> <EOS> <EOS> <EOS> <EOS> <EOS> <EOS> <EOS> <EOS> <EOS> <EOS> <EOS> <EOS> <EOS> <EOS> <EOS> <EOS> <EOS> <EOS> <EOS> <EOS> <EOS> <EOS> <EOS> <EOS> <EOS> <EOS> <EOS>,1.0
501_em_0.bmp,complex,\int \frac { 1 } { ( a x ^ { 2 } + b x + c ) ^ { n } } d x,\int \frac { 1 } { x ^ { 2 } - x ^ { 2 } - 3 x ^ { 2 } - 1 <EOS> x ^ { 2 } - 1 <EOS> x ^ { - 1 } <EOS> x ^ { 2 } <EOS> x + 1 <EOS> x <EOS> <EOS> <EOS> <EOS> <EOS> <EOS> <EOS> <EOS> <EOS> <EOS> <EOS> <EOS> <EOS> <EOS> <EOS> <EOS> <EOS> <EOS> <EOS> <EOS> <EOS> <EOS> <EOS> <EOS> <EOS> <EOS> <EOS> <EOS> <EOS> <EOS> <EOS> <EOS> <EOS> <EOS> <EOS> <EOS> <EOS> <EOS> <EOS> <EOS> <EOS> <EOS> <EOS> <EOS> <EOS> <EOS> <EOS>,1.0
29_em_157.bmp,simple,y = y \prime,x - \pi ( x ) <EOS> <EOS> <EOS> <EOS> <EOS> <EOS> <EOS> <EOS> <EOS> <EOS> <EOS> <EOS> <EOS> <EOS> <EOS> <EOS> <EOS> <EOS> <EOS> <EOS> <EOS> <EOS> <EOS> <EOS> <EOS> <EOS> <EOS> <EOS> <EOS> <EOS> <EOS> <EOS> <EOS> <EOS> <EOS> <EOS> <EOS> <EOS> <EOS> <EOS> <EOS> <EOS> <EOS> <EOS> <EOS> <EOS> <EOS> <EOS> <EOS> <EOS> <EOS> <EOS> <EOS> <EOS> <EOS> <EOS> <EOS> <EOS> <EOS> <EOS> <EOS> <EOS> <EOS> <EOS> <EOS> <EOS> <EOS> <EOS> <EOS> <EOS> <EOS> <EOS> <EOS> <EOS> <EOS> <EOS> <EOS> <EOS> <EOS> <EOS> <EOS> <EOS> <EOS> <EOS> <EOS> <EOS> <EOS> <EOS> <EOS> <EOS> <EOS> <EOS> <EOS> <EOS>,1.0
517_em_401.bmp,complex,x ( t ) = x _ { 0 } ( t ),"x - \pi ( x ) <EOS> <EOS> <EOS> <EOS> <EOS> <EOS> <EOS> <EOS> <EOS> <EOS> <EOS> <EOS> <EOS> <EOS> <EOS> <EOS> <EOS> <EOS> <EOS> <EOS> <EOS> <EOS> <EOS> <EOS> <EOS> <EOS> <EOS> <EOS> _ { 0 } <EOS> 1 _ { 0 } <EOS> 1 _ { 1 } <EOS> _ { 0 } <EOS> 1 _ { 0 } <EOS> 1 _ { 1 } <EOS> _ { 0 } <EOS> 1 _ { 0 } <EOS> 1 _ { 1 } <EOS> _ { 1 } <EOS> _ { t _ { 0 } + \ldots ,",1.0
RIT_2014_140.bmp,complex,\sum a _ { n },\sqrt { 9 } <EOS> <EOS> <EOS> <EOS> <EOS> <EOS> <EOS> <EOS> <EOS> <EOS> <EOS> <EOS> <EOS> <EOS> <EOS> <EOS> <EOS> <EOS> <EOS> <EOS> <EOS> <EOS> <EOS> <EOS> <EOS> <EOS> <EOS> <EOS> <EOS> <EOS> <EOS> <EOS> <EOS> <EOS> <EOS> <EOS> <EOS> <EOS> <EOS> <EOS> <EOS> <EOS> <EOS> <EOS> <EOS> <EOS> <EOS> <EOS> <EOS> <EOS> <EOS> <EOS> <EOS> <EOS> <EOS> <EOS> <EOS> <EOS> <EOS> <EOS> <EOS> <EOS> <EOS> <EOS> <EOS> <EOS> <EOS> <EOS> <EOS> <EOS> <EOS> <EOS> <EOS> <EOS> <EOS> <EOS> <EOS> <EOS> <EOS> <EOS> <EOS> <EOS> <EOS> <EOS> <EOS> <EOS> <EOS> <EOS> <EOS> <EOS> <EOS> <EOS> <EOS> <EOS> <EOS> <EOS>,1.0
RIT_2014_3.bmp,complex,d = \frac { 2 r \tan a \tan b } { \tan a + \tan b },\frac { a + b } { 2 + \sqrt { c } } <EOS> <EOS> <EOS> <EOS> <EOS> <EOS> <EOS> <EOS> <EOS> <EOS> <EOS> <EOS> <EOS> <EOS> <EOS> <EOS> <EOS> } <EOS> <EOS> <EOS> <EOS> <EOS> <EOS> <EOS> <EOS> } <EOS> <EOS> <EOS> <EOS> <EOS> <EOS> <EOS> <EOS> <EOS> <EOS> } <EOS> <EOS> <EOS> <EOS> <EOS> <EOS> <EOS> } <EOS> <EOS> <EOS> <EOS> <EOS> <EOS> <EOS> } <EOS> <EOS> <EOS> <EOS> <EOS> <EOS> <EOS> <EOS> } <EOS> <EOS> <EOS> <EOS> <EOS> <EOS> <EOS> } <EOS> <EOS> <EOS> <EOS> <EOS> <EOS> <EOS> <EOS> <EOS> <EOS> <EOS> <EOS> <EOS> <EOS> <EOS>,1.0
26_em_81.bmp,complex,- 2 x + \sin ( 2 x + 2 ) - 2,1 - 1 + 1 + 1 + 1 + 1 + 1 + 1 = 5 <EOS> <EOS> <EOS> <EOS> <EOS> <EOS> <EOS> <EOS> <EOS> <EOS> <EOS> <EOS> <EOS> <EOS> <EOS> <EOS> <EOS> <EOS> <EOS> <EOS> <EOS> <EOS> <EOS> <EOS> <EOS> <EOS> <EOS> <EOS> <EOS> <EOS> <EOS> <EOS> <EOS> <EOS> <EOS> <EOS> <EOS> <EOS> <EOS> <EOS> <EOS> <EOS> <EOS> <EOS> <EOS> <EOS> <EOS> <EOS> <EOS> <EOS> <EOS> <EOS> <EOS> <EOS> <EOS> <EOS> <EOS> <EOS> <EOS> <EOS> <EOS> <EOS> <EOS> <EOS> <EOS> <EOS> <EOS> <EOS> <EOS> <EOS> <EOS> <EOS> <EOS> <EOS> <EOS> <EOS> <EOS> <EOS> <EOS> <EOS> <EOS> <EOS> <EOS>,1.0
20_em_28.bmp,medium,1 . 3 7 9 1 9 4 1 7 1,1 + 1 + 1 + 1 + 1 + 1 + 1 + 1 + 1 + 1 + 1 + 1 = 5 <EOS> <EOS> <EOS> <EOS> <EOS> <EOS> <EOS> <EOS> <EOS> <EOS> <EOS> <EOS> <EOS> <EOS> <EOS> <EOS> <EOS> <EOS> <EOS> <EOS> <EOS> <EOS> <EOS> <EOS> <EOS> <EOS> <EOS> <EOS> <EOS> <EOS> <EOS> <EOS> <EOS> <EOS> <EOS> <EOS> <EOS> <EOS> <EOS> <EOS> <EOS> <EOS> <EOS> <EOS> <EOS> <EOS> <EOS> <EOS> <EOS> <EOS> <EOS> <EOS> <EOS> <EOS> <EOS> <EOS> <EOS> <EOS> <EOS> <EOS> <EOS> <EOS> <EOS> <EOS> <EOS> <EOS> <EOS> <EOS> <EOS> <EOS> <EOS> <EOS> <EOS> <EOS> <EOS>,1.0
36_em_38.bmp,simple,2 4 \pi,1 2 <EOS> <EOS> <EOS> <EOS> <EOS> <EOS> <EOS> <EOS> <EOS> <EOS> <EOS> <EOS> <EOS> <EOS> <EOS> <EOS> <EOS> <EOS> <EOS> <EOS> <EOS> <EOS> <EOS> <EOS> <EOS> <EOS> <EOS> <EOS> <EOS> <EOS> <EOS> <EOS> <EOS> <EOS> <EOS> <EOS> <EOS> <EOS> <EOS> <EOS> <EOS> <EOS> <EOS> <EOS> <EOS> <EOS> <EOS> <EOS> <EOS> <EOS> <EOS> <EOS> <EOS> <EOS> <EOS> <EOS> <EOS> <EOS> <EOS> <EOS> <EOS> <EOS> <EOS> <EOS> <EOS> <EOS> <EOS> <EOS> <EOS> <EOS> <EOS> <EOS> <EOS> <EOS> <EOS> <EOS> <EOS> <EOS> <EOS> <EOS> <EOS> <EOS> <EOS> <EOS> <EOS> <EOS> <EOS> <EOS> <EOS> <EOS> <EOS> <EOS> <EOS> <EOS> <EOS> <EOS> <EOS> <EOS>,1.0
RIT_2014_86.bmp,complex,\frac { x ( 7 ) - x ( 2 ) } { 7 - 2 },\frac { a + b } { 2 } <EOS> <EOS> <EOS> <EOS> <EOS> <EOS> <EOS> <EOS> <EOS> <EOS> <EOS> <EOS> <EOS> <EOS> <EOS> <EOS> <EOS> <EOS> <EOS> <EOS> <EOS> <EOS> <EOS> <EOS> <EOS> <EOS> <EOS> <EOS> <EOS> <EOS> <EOS> <EOS> <EOS> <EOS> <EOS> <EOS> <EOS> <EOS> <EOS> <EOS> <EOS> <EOS> <EOS> <EOS> <EOS> <EOS> <EOS> <EOS> <EOS> <EOS> <EOS> <EOS> <EOS> <EOS> <EOS> <EOS> <EOS> <EOS> <EOS> <EOS> <EOS> <EOS> <EOS> <EOS> <EOS> <EOS> <EOS> <EOS> <EOS> <EOS> <EOS> <EOS> <EOS> <EOS> <EOS> <EOS> <EOS> <EOS> <EOS> <EOS> <EOS> <EOS> <EOS> <EOS> <EOS> <EOS> <EOS> <EOS> <EOS> <EOS> <EOS>,1.0
RIT_2014_49.bmp,complex,a _ { j } ^ { \gamma _ { j } } a _ { j + 1 } ^ { \gamma _ { j _ { + 1 } } },x ^ { 8 } + x ^ { 4 } + 1 <EOS> x ^ { 4 } + 1 <EOS> x ^ { 4 } <EOS> 1 <EOS> <EOS> <EOS> <EOS> <EOS> <EOS> <EOS> <EOS> <EOS> <EOS> <EOS> <EOS> <EOS> <EOS> <EOS> <EOS> <EOS> <EOS> <EOS> <EOS> <EOS> <EOS> <EOS> <EOS> <EOS> <EOS> <EOS> <EOS> <EOS> <EOS> <EOS> <EOS> <EOS> <EOS> <EOS> <EOS> <EOS> <EOS> <EOS> <EOS> <EOS> <EOS> <EOS> <EOS> <EOS> <EOS> <EOS> <EOS> <EOS> <EOS> <EOS> <EOS> <EOS> <EOS> <EOS> <EOS> <EOS> <EOS> <EOS> <EOS> <EOS> <EOS> <EOS> <EOS> <EOS> <EOS> <EOS> <EOS> <EOS> <EOS> <EOS>,1.0
RIT_2014_156.bmp,simple,- 1,\sqrt { 3 8 } <EOS> <EOS> <EOS> <EOS> <EOS> <EOS> <EOS> <EOS> <EOS> <EOS> <EOS> <EOS> <EOS> <EOS> <EOS> <EOS> <EOS> <EOS> <EOS> <EOS> <EOS> <EOS> <EOS> <EOS> <EOS> <EOS> <EOS> <EOS> <EOS> <EOS> <EOS> <EOS> <EOS> <EOS> <EOS> <EOS> <EOS> <EOS> <EOS> <EOS> <EOS> <EOS> <EOS> <EOS> <EOS> <EOS> <EOS> <EOS> <EOS> <EOS> <EOS> <EOS> <EOS> <EOS> <EOS> <EOS> <EOS> <EOS> <EOS> <EOS> <EOS> <EOS> <EOS> <EOS> <EOS> <EOS> <EOS> <EOS> <EOS> <EOS> <EOS> <EOS> <EOS> <EOS> <EOS> <EOS> <EOS> <EOS> <EOS> <EOS> <EOS> <EOS> <EOS> <EOS> <EOS> <EOS> <EOS> <EOS> <EOS> <EOS> <EOS> <EOS> <EOS> <EOS> <EOS>,1.0
37_em_27.bmp,simple,"\alpha , \beta",1 5 \pi <EOS> <EOS> <EOS> <EOS> <EOS> <EOS> <EOS> <EOS> <EOS> <EOS> <EOS> <EOS> <EOS> <EOS> <EOS> <EOS> <EOS> <EOS> <EOS> <EOS> <EOS> <EOS> <EOS> <EOS> <EOS> <EOS> <EOS> <EOS> <EOS> <EOS> <EOS> <EOS> <EOS> <EOS> <EOS> <EOS> <EOS> <EOS> <EOS> <EOS> <EOS> <EOS> <EOS> <EOS> <EOS> <EOS> <EOS> <EOS> <EOS> <EOS> <EOS> <EOS> <EOS> <EOS> <EOS> <EOS> <EOS> <EOS> <EOS> <EOS> <EOS> <EOS> <EOS> <EOS> <EOS> <EOS> <EOS> <EOS> <EOS> <EOS> <EOS> <EOS> <EOS> <EOS> <EOS> <EOS> <EOS> <EOS> <EOS> <EOS> <EOS> <EOS> <EOS> <EOS> <EOS> <EOS> <EOS> <EOS> <EOS> <EOS> <EOS> <EOS> <EOS> <EOS> <EOS> <EOS> <EOS>,1.0
23_em_73.bmp,complex,B _ { m + 1 },q _ { e q } = 1 - p _ { e q } <EOS> <EOS> <EOS> <EOS> <EOS> <EOS> <EOS> <EOS> <EOS> <EOS> <EOS> <EOS> <EOS> <EOS> <EOS> <EOS> <EOS> <EOS> <EOS> <EOS> <EOS> <EOS> <EOS> <EOS> <EOS> <EOS> <EOS> <EOS> <EOS> <EOS> <EOS> <EOS> <EOS> <EOS> <EOS> <EOS> <EOS> <EOS> <EOS> <EOS> <EOS> <EOS> <EOS> <EOS> <EOS> <EOS> <EOS> <EOS> <EOS> <EOS> <EOS> <EOS> <EOS> <EOS> <EOS> <EOS> <EOS> <EOS> <EOS> <EOS> <EOS> <EOS> <EOS> <EOS> <EOS> <EOS> <EOS> <EOS> <EOS> <EOS> <EOS> <EOS> <EOS> <EOS> <EOS> <EOS> <EOS> <EOS> <EOS> <EOS> <EOS> <EOS> <EOS> <EOS> <EOS>,1.0
512_em_294.bmp,medium,4 x = x + x + x + x,x ^ { 2 } + y ^ { 2 } = - 5 <EOS> <EOS> <EOS> <EOS> <EOS> <EOS> <EOS> <EOS> <EOS> <EOS> <EOS> <EOS> <EOS> <EOS> <EOS> <EOS> <EOS> <EOS> <EOS> <EOS> <EOS> <EOS> <EOS> <EOS> <EOS> <EOS> <EOS> <EOS> <EOS> <EOS> <EOS> <EOS> <EOS> <EOS> <EOS> <EOS> <EOS> <EOS> <EOS> <EOS> <EOS> <EOS> <EOS> <EOS> <EOS> <EOS> <EOS> <EOS> <EOS> <EOS> <EOS> <EOS> <EOS> <EOS> <EOS> <EOS> <EOS> <EOS> <EOS> <EOS> <EOS> <EOS> <EOS> <EOS> <EOS> <EOS> <EOS> <EOS> <EOS> <EOS> <EOS> <EOS> <EOS> <EOS> <EOS> <EOS> <EOS> <EOS> <EOS> <EOS> <EOS> <EOS> <EOS> <EOS> <EOS> <EOS>,1.0
502_em_8.bmp,complex,\int \limits _ { - \infty } ^ { \infty } e ^ { - w ^ { 2 } } d w = \sqrt { \pi },\int I d t = t <EOS> <EOS> <EOS> <EOS> <EOS> <EOS> <EOS> <EOS> <EOS> <EOS> <EOS> <EOS> <EOS> <EOS> <EOS> <EOS> <EOS> <EOS> <EOS> <EOS> <EOS> <EOS> <EOS> <EOS> <EOS> <EOS> <EOS> <EOS> <EOS> <EOS> <EOS> <EOS> <EOS> <EOS> <EOS> <EOS> <EOS> <EOS> <EOS> <EOS> <EOS> <EOS> <EOS> <EOS> <EOS> <EOS> <EOS> <EOS> <EOS> <EOS> <EOS> <EOS> <EOS> <EOS> <EOS> <EOS> <EOS> <EOS> <EOS> <EOS> <EOS> <EOS> <EOS> <EOS> <EOS> <EOS> <EOS> <EOS> <EOS> <EOS> <EOS> <EOS> <EOS> <EOS> <EOS> <EOS> <EOS> <EOS> <EOS> <EOS> <EOS> <EOS> <EOS> <EOS> <EOS> <EOS> <EOS> <EOS> <EOS> <EOS> <EOS> <EOS> <EOS> <EOS>,1.0
515_em_368.bmp,simple,I m,\sqrt { 9 1 } <EOS> <EOS> <EOS> <EOS> <EOS> <EOS> <EOS> <EOS> <EOS> <EOS> <EOS> <EOS> <EOS> <EOS> <EOS> <EOS> <EOS> <EOS> <EOS> <EOS> <EOS> <EOS> <EOS> <EOS> <EOS> <EOS> <EOS> <EOS> <EOS> <EOS> <EOS> <EOS> <EOS> <EOS> <EOS> <EOS> <EOS> <EOS> <EOS> <EOS> <EOS> <EOS> <EOS> <EOS> <EOS> <EOS> <EOS> <EOS> <EOS> <EOS> <EOS> <EOS> <EOS> <EOS> <EOS> <EOS> <EOS> <EOS> <EOS> <EOS> <EOS> <EOS> <EOS> <EOS> <EOS> <EOS> <EOS> <EOS> <EOS> <EOS> <EOS> <EOS> <EOS> <EOS> <EOS> <EOS> <EOS> <EOS> <EOS> <EOS> <EOS> <EOS> <EOS> <EOS> <EOS> <EOS> <EOS> <EOS> <EOS> <EOS> <EOS> <EOS> <EOS> <EOS> <EOS>,1.0
513_em_320.bmp,simple,k N,1 0 ^ { 5 } <EOS> <EOS> <EOS> <EOS> <EOS> <EOS> <EOS> <EOS> <EOS> <EOS> <EOS> <EOS> <EOS> <EOS> <EOS> <EOS> <EOS> <EOS> <EOS> <EOS> <EOS> <EOS> <EOS> <EOS> <EOS> <EOS> <EOS> <EOS> <EOS> <EOS> <EOS> <EOS> <EOS> <EOS> <EOS> <EOS> <EOS> <EOS> <EOS> <EOS> <EOS> <EOS> <EOS> <EOS> <EOS> <EOS> <EOS> <EOS> <EOS> <EOS> <EOS> <EOS> <EOS> <EOS> <EOS> <EOS> <EOS> <EOS> <EOS> <EOS> <EOS> <EOS> <EOS> <EOS> <EOS> <EOS> <EOS> <EOS> <EOS> <EOS> <EOS> <EOS> <EOS> <EOS> <EOS> <EOS> <EOS> <EOS> <EOS> <EOS> <EOS> <EOS> <EOS> <EOS> <EOS> <EOS> <EOS> <EOS> <EOS> <EOS> <EOS> <EOS> <EOS> <EOS>,1.0
26_em_76.bmp,simple,- m p,x - \pi ( x ) <EOS> <EOS> <EOS> <EOS> <EOS> <EOS> <EOS> <EOS> <EOS> <EOS> <EOS> <EOS> <EOS> <EOS> <EOS> <EOS> <EOS> <EOS> <EOS> <EOS> <EOS> <EOS> <EOS> <EOS> <EOS> <EOS> <EOS> <EOS> <EOS> <EOS> <EOS> <EOS> <EOS> <EOS> <EOS> <EOS> <EOS> <EOS> <EOS> <EOS> <EOS> <EOS> <EOS> <EOS> <EOS> <EOS> <EOS> <EOS> <EOS> <EOS> <EOS> <EOS> <EOS> <EOS> <EOS> <EOS> <EOS> <EOS> <EOS> <EOS> <EOS> <EOS> <EOS> <EOS> <EOS> <EOS> <EOS> <EOS> <EOS> <EOS> <EOS> <EOS> <EOS> <EOS> <EOS> <EOS> <EOS> <EOS> <EOS> <EOS> <EOS> <EOS> <EOS> <EOS> <EOS> <EOS> <EOS> <EOS> <EOS> <EOS> <EOS> <EOS> <EOS> <EOS>,1.0
29_em_167.bmp,complex,\cos ( n x ) = 2 \cos ( x ) \cos [ ( n - 1 ) x ] - \cos [ ( n - 2 ) x ],x ^ { 2 } + x + 1 + x ^ { 2 } + x + 1 <EOS> x <EOS> <EOS> <EOS> <EOS> <EOS> <EOS> <EOS> <EOS> <EOS> <EOS> <EOS> <EOS> <EOS> <EOS> <EOS> <EOS> <EOS> <EOS> <EOS> <EOS> <EOS> <EOS> <EOS> <EOS> <EOS> <EOS> <EOS> <EOS> <EOS> <EOS> <EOS> <EOS> <EOS> <EOS> <EOS> <EOS> <EOS> <EOS> <EOS> <EOS> <EOS> <EOS> <EOS> <EOS> <EOS> <EOS> <EOS> <EOS> <EOS> <EOS> <EOS> <EOS> <EOS> <EOS> <EOS> <EOS> <EOS> <EOS> <EOS> <EOS> <EOS> <EOS> <EOS> <EOS> <EOS> <EOS> <EOS> <EOS> <EOS> <EOS> <EOS> <EOS> <EOS> <EOS> <EOS> <EOS> <EOS> <EOS> <EOS>,1.0
515_em_367.bmp,complex,( \tan x - 3 ) ( \tan x + 1 ) = 0,x ^ { 2 } + x + 1 + x ^ { 2 } + x + 1 <EOS> x <EOS> <EOS> <EOS> <EOS> <EOS> <EOS> <EOS> <EOS> <EOS> <EOS> <EOS> <EOS> <EOS> <EOS> <EOS> <EOS> <EOS> <EOS> <EOS> <EOS> <EOS> <EOS> <EOS> <EOS> <EOS> <EOS> <EOS> <EOS> <EOS> <EOS> <EOS> <EOS> <EOS> <EOS> <EOS> <EOS> <EOS> <EOS> <EOS> <EOS> <EOS> <EOS> <EOS> <EOS> <EOS> <EOS> <EOS> <EOS> <EOS> <EOS> <EOS> <EOS> <EOS> <EOS> <EOS> <EOS> <EOS> <EOS> <EOS> <EOS> <EOS> <EOS> <EOS> <EOS> <EOS> <EOS> <EOS> <EOS> <EOS> <EOS> <EOS> <EOS> <EOS> <EOS> <EOS> <EOS> <EOS> <EOS> <EOS>,1.0
RIT_2014_297.bmp,medium,( z + 1 ) ( z + 2 ),x ^ { 2 } + x + 1 <EOS> x + 1 <EOS> x <EOS> <EOS> <EOS> <EOS> <EOS> <EOS> <EOS> <EOS> <EOS> <EOS> <EOS> <EOS> <EOS> <EOS> <EOS> <EOS> <EOS> <EOS> <EOS> <EOS> <EOS> <EOS> <EOS> <EOS> <EOS> <EOS> <EOS> <EOS> <EOS> <EOS> <EOS> <EOS> <EOS> <EOS> <EOS> <EOS> <EOS> <EOS> <EOS> <EOS> <EOS> <EOS> <EOS> <EOS> <EOS> <EOS> <EOS> <EOS> <EOS> <EOS> <EOS> <EOS> <EOS> <EOS> <EOS> <EOS> <EOS> <EOS> <EOS> <EOS> <EOS> <EOS> <EOS> <EOS> <EOS> <EOS> <EOS> <EOS> <EOS> <EOS> <EOS> <EOS> <EOS> <EOS> <EOS> <EOS> <EOS> <EOS> <EOS> <EOS> <EOS> <EOS> <EOS> <EOS> <EOS>,1.0
513_em_321.bmp,complex,"q _ { 1 } , q _ { 2 } , \ldots , q _ { m }",x ^ { 2 } + x + 1 <EOS> x <EOS> <EOS> <EOS> <EOS> <EOS> <EOS> <EOS> <EOS> <EOS> <EOS> <EOS> <EOS> <EOS> <EOS> <EOS> <EOS> <EOS> <EOS> <EOS> <EOS> <EOS> <EOS> <EOS> <EOS> <EOS> <EOS> <EOS> <EOS> <EOS> <EOS> <EOS> <EOS> <EOS> <EOS> <EOS> <EOS> <EOS> <EOS> <EOS> <EOS> <EOS> <EOS> <EOS> <EOS> <EOS> <EOS> <EOS> <EOS> <EOS> <EOS> <EOS> <EOS> <EOS> <EOS> <EOS> <EOS> <EOS> <EOS> <EOS> <EOS> <EOS> <EOS> <EOS> <EOS> <EOS> <EOS> <EOS> <EOS> <EOS> <EOS> <EOS> <EOS> <EOS> <EOS> <EOS> <EOS> <EOS> <EOS> <EOS> <EOS> <EOS> <EOS> <EOS> <EOS> <EOS> <EOS> <EOS> <EOS> <EOS>,1.0
RIT_2014_22.bmp,medium,3 . 0 0 0 0 0 0 0 1,x ^ { 2 } + x + 1 <EOS> x <EOS> <EOS> <EOS> <EOS> <EOS> <EOS> <EOS> <EOS> <EOS> <EOS> <EOS> <EOS> <EOS> <EOS> <EOS> <EOS> <EOS> <EOS> <EOS> <EOS> <EOS> <EOS> <EOS> <EOS> <EOS> <EOS> <EOS> <EOS> <EOS> <EOS> <EOS> <EOS> <EOS> <EOS> <EOS> <EOS> <EOS> <EOS> <EOS> <EOS> <EOS> <EOS> <EOS> <EOS> <EOS> <EOS> <EOS> <EOS> <EOS> <EOS> <EOS> <EOS> <EOS> <EOS> <EOS> <EOS> <EOS> <EOS> <EOS> <EOS> <EOS> <EOS> <EOS> <EOS> <EOS> <EOS> <EOS> <EOS> <EOS> <EOS> <EOS> <EOS> <EOS> <EOS> <EOS> <EOS> <EOS> <EOS> <EOS> <EOS> <EOS> <EOS> <EOS> <EOS> <EOS> <EOS> <EOS> <EOS> <EOS>,1.0
27_em_118.bmp,complex,\sqrt { 3 2 } + \sqrt { 3 2 },\sqrt { a } \sqrt { b } = \sqrt { a } \sqrt { b } <EOS> <EOS> <EOS> <EOS> <EOS> <EOS> <EOS> <EOS> <EOS> <EOS> <EOS> <EOS> <EOS> <EOS> <EOS> <EOS> <EOS> <EOS> <EOS> <EOS> <EOS> <EOS> <EOS> <EOS> <EOS> <EOS> <EOS> <EOS> <EOS> <EOS> <EOS> <EOS> <EOS> <EOS> <EOS> <EOS> <EOS> <EOS> <EOS> <EOS> <EOS> <EOS> <EOS> <EOS> <EOS> <EOS> <EOS> <EOS> <EOS> <EOS> <EOS> <EOS> <EOS> <EOS> <EOS> <EOS> <EOS> <EOS> <EOS> <EOS> <EOS> <EOS> <EOS> <EOS> <EOS> <EOS> <EOS> <EOS> <EOS> <EOS> <EOS> <EOS> <EOS> <EOS> <EOS> <EOS> <EOS> <EOS> <EOS> <EOS> <EOS> <EOS> <EOS>,1.0
515_em_357.bmp,complex,x _ { i } \leq x \leq x _ { i + 1 },x ^ { 2 } + 2 x y + x y - x y - y ^ { 2 } <EOS> x + y <EOS> <EOS> <EOS> <EOS> <EOS> <EOS> <EOS> <EOS> <EOS> <EOS> <EOS> <EOS> <EOS> <EOS> <EOS> <EOS> <EOS> <EOS> <EOS> <EOS> <EOS> <EOS> <EOS> <EOS> <EOS> <EOS> <EOS> <EOS> <EOS> <EOS> <EOS> <EOS> <EOS> <EOS> <EOS> <EOS> <EOS> <EOS> <EOS> <EOS> <EOS> <EOS> <EOS> <EOS> <EOS> <EOS> <EOS> <EOS> <EOS> <EOS> <EOS> <EOS> <EOS> <EOS> <EOS> <EOS> <EOS> <EOS> <EOS> <EOS> <EOS> <EOS> <EOS> <EOS> <EOS> <EOS> <EOS> <EOS> <EOS> <EOS> <EOS> <EOS> <EOS> <EOS> <EOS>,1.0
503_em_33.bmp,complex,\mu _ { e f f } = \mu _ { 0 } \mu _ { r },1 + 1 + 1 + 1 + 1 + 1 + 1 + 1 + 1 + 1 = 5 <EOS> <EOS> <EOS> <EOS> <EOS> <EOS> <EOS> <EOS> <EOS> <EOS> <EOS> <EOS> <EOS> <EOS> <EOS> <EOS> <EOS> <EOS> <EOS> <EOS> <EOS> <EOS> <EOS> <EOS> <EOS> <EOS> <EOS> <EOS> <EOS> <EOS> <EOS> <EOS> <EOS> <EOS> <EOS> <EOS> <EOS> <EOS> <EOS> <EOS> <EOS> <EOS> <EOS> <EOS> <EOS> <EOS> <EOS> <EOS> <EOS> <EOS> <EOS> <EOS> <EOS> <EOS> <EOS> <EOS> <EOS> <EOS> <EOS> <EOS> <EOS> <EOS> <EOS> <EOS> <EOS> <EOS> <EOS> <EOS> <EOS> <EOS> <EOS> <EOS> <EOS> <EOS> <EOS> <EOS> <EOS> <EOS> <EOS>,1.0
RIT_2014_141.bmp,complex,u d u = - \frac { d y } { 2 y ^ { 2 } },\int \frac { 1 } { x } \sqrt { x } = \frac { x } { x } <EOS> x <EOS> <EOS> <EOS> <EOS> <EOS> <EOS> <EOS> <EOS> <EOS> <EOS> <EOS> <EOS> <EOS> <EOS> <EOS> <EOS> <EOS> <EOS> <EOS> <EOS> <EOS> <EOS> <EOS> <EOS> <EOS> <EOS> <EOS> <EOS> <EOS> <EOS> <EOS> <EOS> <EOS> <EOS> <EOS> <EOS> <EOS> <EOS> <EOS> <EOS> <EOS> <EOS> <EOS> <EOS> <EOS> <EOS> <EOS> <EOS> <EOS> <EOS> <EOS> <EOS> <EOS> <EOS> <EOS> <EOS> <EOS> <EOS> <EOS> <EOS> <EOS> <EOS> <EOS> <EOS> <EOS> <EOS> <EOS> <EOS> <EOS> <EOS> <EOS> <EOS> <EOS> <EOS> <EOS> <EOS> <EOS> <EOS>,1.0
18_em_3.bmp,complex,"q _ { 1 } , q _ { 2 } , \ldots , q _ { m }",x ^ { 2 } + x + 1 <EOS> x <EOS> <EOS> <EOS> <EOS> <EOS> <EOS> <EOS> <EOS> <EOS> <EOS> <EOS> <EOS> <EOS> <EOS> <EOS> <EOS> <EOS> <EOS> <EOS> <EOS> <EOS> <EOS> <EOS> <EOS> <EOS> <EOS> <EOS> <EOS> <EOS> <EOS> <EOS> <EOS> <EOS> <EOS> <EOS> <EOS> <EOS> <EOS> <EOS> <EOS> <EOS> <EOS> <EOS> <EOS> <EOS> <EOS> <EOS> <EOS> <EOS> <EOS> <EOS> <EOS> <EOS> <EOS> <EOS> <EOS> <EOS> <EOS> <EOS> <EOS> <EOS> <EOS> <EOS> <EOS> <EOS> <EOS> <EOS> <EOS> <EOS> <EOS> <EOS> <EOS> <EOS> <EOS> <EOS> <EOS> <EOS> <EOS> <EOS> <EOS> <EOS> <EOS> <EOS> <EOS> <EOS> <EOS> <EOS> <EOS> <EOS>,1.0
RIT_2014_161.bmp,complex,x ^ { 2 } y ^ { 3 } + 2 x ^ { 2 } y + 4 x y ^ { 3 } + 8 x y,1 + 1 + 1 + 1 + 1 + 1 + 1 + 1 + 1 + 1 + 1 = 1 + 1 <EOS> 1 <EOS> <EOS> <EOS> <EOS> <EOS> <EOS> <EOS> <EOS> <EOS> <EOS> <EOS> <EOS> <EOS> <EOS> <EOS> <EOS> <EOS> <EOS> <EOS> <EOS> <EOS> <EOS> <EOS> <EOS> <EOS> <EOS> <EOS> <EOS> <EOS> <EOS> <EOS> <EOS> <EOS> <EOS> <EOS> <EOS> <EOS> <EOS> <EOS> <EOS> <EOS> <EOS> <EOS> <EOS> <EOS> <EOS> <EOS> <EOS> <EOS> <EOS> <EOS> <EOS> <EOS> <EOS> <EOS> <EOS> <EOS> <EOS> <EOS> <EOS> <EOS> <EOS> <EOS> <EOS> <EOS> <EOS> <EOS> <EOS> <EOS> <EOS> <EOS> <EOS> <EOS>,1.0
RIT_2014_64.bmp,simple,a b \sin \alpha,x ^ { 2 } + x + 1 <EOS> x <EOS> <EOS> <EOS> <EOS> <EOS> <EOS> <EOS> <EOS> <EOS> <EOS> <EOS> <EOS> <EOS> <EOS> <EOS> <EOS> <EOS> <EOS> <EOS> <EOS> <EOS> <EOS> <EOS> <EOS> <EOS> <EOS> <EOS> <EOS> <EOS> <EOS> <EOS> <EOS> <EOS> <EOS> <EOS> <EOS> <EOS> <EOS> <EOS> <EOS> <EOS> <EOS> <EOS> <EOS> <EOS> <EOS> <EOS> <EOS> <EOS> <EOS> <EOS> <EOS> <EOS> <EOS> <EOS> <EOS> <EOS> <EOS> <EOS> <EOS> <EOS> <EOS> <EOS> <EOS> <EOS> <EOS> <EOS> <EOS> <EOS> <EOS> <EOS> <EOS> <EOS> <EOS> <EOS> <EOS> <EOS> <EOS> <EOS> <EOS> <EOS> <EOS> <EOS> <EOS> <EOS> <EOS> <EOS> <EOS> <EOS>,1.0
504_em_40.bmp,complex,2 ^ { n - 1 } + 2 ^ { n - 2 } \cdots 2 + 1 = 2 ^ { n } - 1,x ^ { 2 } + y ^ { 2 } + 2 x y + 4 y ^ { 2 } <EOS> x + 1 <EOS> <EOS> <EOS> <EOS> <EOS> <EOS> <EOS> <EOS> <EOS> <EOS> <EOS> <EOS> <EOS> <EOS> <EOS> <EOS> <EOS> <EOS> <EOS> <EOS> <EOS> <EOS> <EOS> <EOS> <EOS> <EOS> <EOS> <EOS> <EOS> <EOS> <EOS> <EOS> <EOS> <EOS> <EOS> <EOS> <EOS> <EOS> <EOS> <EOS> <EOS> <EOS> <EOS> <EOS> <EOS> <EOS> <EOS> <EOS> <EOS> <EOS> <EOS> <EOS> <EOS> <EOS> <EOS> <EOS> <EOS> <EOS> <EOS> <EOS> <EOS> <EOS> <EOS> <EOS> <EOS> <EOS> <EOS> <EOS> <EOS> <EOS> <EOS> <EOS> <EOS> <EOS>,1.0
RIT_2014_306.bmp,medium,( a + b ) u = a u + b v,( a + b i ) - ( c + d i ) = ( a - c ) + ( b - d ) i <EOS> <EOS> - ( a - d ) i <EOS> <EOS> <EOS> - a <EOS> + b c <EOS> <EOS> <EOS> <EOS> <EOS> <EOS> <EOS> <EOS> <EOS> <EOS> <EOS> <EOS> <EOS> <EOS> <EOS> <EOS> <EOS> <EOS> <EOS> <EOS> <EOS> <EOS> <EOS> <EOS> <EOS> <EOS> <EOS> <EOS> <EOS> <EOS> <EOS> <EOS> <EOS> <EOS> <EOS> <EOS> <EOS> <EOS> <EOS> <EOS> <EOS> <EOS> <EOS> <EOS> <EOS> <EOS> <EOS> <EOS> <EOS> <EOS> <EOS> <EOS> <EOS> <EOS> <EOS> <EOS>,1.0
35_em_24.bmp,complex,\sqrt { ( \frac { \Delta x } { x } ) ^ { 2 } + ( \frac { \Delta y } { y } ) ^ { 2 } },\sqrt { x ^ { 2 } + \sqrt { x } + \sqrt { x } + \sqrt { x ^ { 2 } } <EOS> <EOS> <EOS> <EOS> <EOS> <EOS> <EOS> <EOS> <EOS> <EOS> <EOS> <EOS> <EOS> <EOS> <EOS> <EOS> <EOS> <EOS> <EOS> <EOS> <EOS> <EOS> <EOS> <EOS> <EOS> <EOS> <EOS> <EOS> <EOS> <EOS> <EOS> <EOS> <EOS> <EOS> <EOS> <EOS> <EOS> <EOS> <EOS> <EOS> <EOS> <EOS> <EOS> <EOS> <EOS> <EOS> <EOS> <EOS> <EOS> <EOS> <EOS> <EOS> <EOS> <EOS> <EOS> <EOS> <EOS> <EOS> <EOS> <EOS> <EOS> <EOS> <EOS> <EOS> <EOS> <EOS> <EOS> <EOS> <EOS> <EOS> <EOS> <EOS> <EOS> <EOS>,1.0
519_em_459.bmp,complex,1 = \frac { Y } { Y },x - \pi ( x ) <EOS> <EOS> <EOS> <EOS> <EOS> <EOS> <EOS> <EOS> <EOS> <EOS> <EOS> <EOS> <EOS> <EOS> <EOS> <EOS> <EOS> <EOS> <EOS> <EOS> <EOS> <EOS> <EOS> <EOS> <EOS> <EOS> <EOS> <EOS> <EOS> <EOS> <EOS> <EOS> <EOS> <EOS> <EOS> <EOS> <EOS> <EOS> <EOS> <EOS> <EOS> <EOS> <EOS> <EOS> <EOS> <EOS> <EOS> <EOS> <EOS> <EOS> <EOS> <EOS> <EOS> <EOS> <EOS> <EOS> <EOS> <EOS> <EOS> <EOS> <EOS> <EOS> <EOS> <EOS> <EOS> <EOS> <EOS> <EOS> <EOS> <EOS> <EOS> <EOS> <EOS> <EOS> <EOS> <EOS> <EOS> <EOS> <EOS> <EOS> <EOS> <EOS> <EOS> <EOS> <EOS> <EOS> <EOS> <EOS> <EOS> <EOS> <EOS> <EOS> <EOS> <EOS>,1.0
514_em_345.bmp,complex,\frac { \pm \infty } { \pm \infty },\frac { 1 - p } { \sqrt { 1 - p } } <EOS> \sqrt { \alpha ^ { - 1 } } <EOS> \sqrt { 3 } <EOS> 1 <EOS> \sqrt { 2 } <EOS> 1 <EOS> 0 0 0 0 0 } <EOS> 1 <EOS> <EOS> 0 0 0 <EOS> 0 <EOS> 0 <EOS> 0 0 0 } <EOS> <EOS> <EOS> <EOS> <EOS> <EOS> <EOS> <EOS> <EOS> <EOS> <EOS> <EOS> <EOS> <EOS> <EOS> <EOS> <EOS> <EOS> <EOS> <EOS> <EOS> <EOS> <EOS> <EOS> <EOS> <EOS> 5 } <EOS> 1 <EOS> 0 0 0 0 0 0 0 0,1.0
31_em_187.bmp,simple,5 0,1 8 z <EOS> <EOS> <EOS> <EOS> <EOS> <EOS> <EOS> <EOS> <EOS> <EOS> <EOS> <EOS> <EOS> <EOS> <EOS> <EOS> <EOS> <EOS> <EOS> <EOS> <EOS> <EOS> <EOS> <EOS> <EOS> <EOS> <EOS> <EOS> <EOS> <EOS> <EOS> <EOS> <EOS> <EOS> <EOS> <EOS> <EOS> <EOS> <EOS> <EOS> <EOS> <EOS> <EOS> <EOS> <EOS> <EOS> <EOS> <EOS> <EOS> <EOS> <EOS> <EOS> <EOS> <EOS> <EOS> <EOS> <EOS> <EOS> <EOS> <EOS> <EOS> <EOS> <EOS> <EOS> <EOS> <EOS> <EOS> <EOS> <EOS> <EOS> <EOS> <EOS> <EOS> <EOS> <EOS> <EOS> <EOS> <EOS> <EOS> <EOS> <EOS> <EOS> <EOS> <EOS> <EOS> <EOS> <EOS> <EOS> <EOS> <EOS> <EOS> <EOS> <EOS> <EOS> <EOS> <EOS> <EOS>,1.0
RIT_2014_200.bmp,complex,\lim \limits _ { n \rightarrow \infty } y _ { n } = 0,( x ^ { 2 } - x ) + ( x ^ { 2 } + x + 1 ) <EOS> <EOS> <EOS> <EOS> <EOS> <EOS> <EOS> <EOS> <EOS> <EOS> <EOS> <EOS> <EOS> <EOS> <EOS> <EOS> <EOS> <EOS> <EOS> <EOS> <EOS> <EOS> <EOS> <EOS> <EOS> <EOS> <EOS> <EOS> <EOS> <EOS> <EOS> <EOS> <EOS> <EOS> <EOS> <EOS> <EOS> <EOS> <EOS> <EOS> <EOS> <EOS> <EOS> <EOS> <EOS> <EOS> <EOS> <EOS> <EOS> <EOS> <EOS> <EOS> <EOS> <EOS> <EOS> <EOS> <EOS> <EOS> <EOS> <EOS> <EOS> <EOS> <EOS> <EOS> <EOS> <EOS> <EOS> <EOS> <EOS> <EOS> <EOS> <EOS> <EOS> <EOS> <EOS> <EOS> <EOS> <EOS> <EOS>,1.0
RIT_2014_294.bmp,medium,- | y | \leq y \leq | y |,x - \pi ( x ) <EOS> <EOS> <EOS> <EOS> <EOS> <EOS> <EOS> <EOS> <EOS> <EOS> <EOS> <EOS> <EOS> <EOS> <EOS> <EOS> <EOS> <EOS> <EOS> <EOS> <EOS> <EOS> <EOS> <EOS> <EOS> <EOS> <EOS> <EOS> <EOS> <EOS> <EOS> <EOS> <EOS> <EOS> <EOS> <EOS> <EOS> <EOS> <EOS> <EOS> <EOS> <EOS> <EOS> <EOS> <EOS> <EOS> <EOS> <EOS> <EOS> <EOS> <EOS> <EOS> <EOS> <EOS> <EOS> <EOS> <EOS> <EOS> <EOS> <EOS> <EOS> <EOS> <EOS> <EOS> <EOS> <EOS> <EOS> <EOS> <EOS> <EOS> <EOS> <EOS> <EOS> <EOS> <EOS> <EOS> <EOS> <EOS> <EOS> <EOS> <EOS> <EOS> <EOS> <EOS> <EOS> <EOS> <EOS> <EOS> <EOS> <EOS> <EOS> <EOS> <EOS> <EOS>,1.0
RIT_2014_243.bmp,complex,\sum \limits _ { n = 5 } ^ { 1 0 } ( 2 _ { n } + 1 ),\int - \cos \phi d \phi <EOS> \cos \phi <EOS> <EOS> <EOS> <EOS> <EOS> <EOS> <EOS> <EOS> <EOS> <EOS> <EOS> <EOS> <EOS> <EOS> <EOS> <EOS> <EOS> <EOS> <EOS> <EOS> <EOS> <EOS> <EOS> <EOS> <EOS> <EOS> <EOS> <EOS> <EOS> <EOS> <EOS> <EOS> <EOS> <EOS> <EOS> <EOS> <EOS> <EOS> <EOS> <EOS> <EOS> <EOS> <EOS> <EOS> <EOS> <EOS> <EOS> <EOS> <EOS> <EOS> <EOS> <EOS> <EOS> <EOS> <EOS> <EOS> <EOS> <EOS> <EOS> <EOS> <EOS> <EOS> <EOS> <EOS> <EOS> <EOS> <EOS> <EOS> <EOS> <EOS> <EOS> <EOS> <EOS> <EOS> <EOS> <EOS> <EOS> <EOS> <EOS> <EOS> <EOS> <EOS> <EOS> <EOS> <EOS> <EOS> <EOS> <EOS> <EOS> <EOS> <EOS>,1.0
29_em_161.bmp,complex,f ( z _ { 0 } ) = \lim \limits _ { z \rightarrow z _ { 0 } } f ( z ),\int - \cos \phi d \phi <EOS> <EOS> <EOS> <EOS> <EOS> <EOS> <EOS> <EOS> <EOS> <EOS> <EOS> <EOS> <EOS> <EOS> <EOS> <EOS> <EOS> <EOS> <EOS> <EOS> <EOS> <EOS> <EOS> <EOS> <EOS> <EOS> <EOS> <EOS> <EOS> <EOS> <EOS> <EOS> <EOS> <EOS> <EOS> <EOS> <EOS> <EOS> <EOS> <EOS> <EOS> <EOS> <EOS> <EOS> <EOS> <EOS> <EOS> <EOS> <EOS> <EOS> <EOS> <EOS> <EOS> <EOS> <EOS> <EOS> <EOS> <EOS> <EOS> <EOS> <EOS> <EOS> <EOS> <EOS> <EOS> <EOS> <EOS> <EOS> <EOS> <EOS> <EOS> <EOS> <EOS> <EOS> <EOS> <EOS> <EOS> <EOS> <EOS> <EOS> <EOS> <EOS> <EOS> <EOS> <EOS> <EOS> <EOS> <EOS> <EOS> <EOS> <EOS> <EOS> <EOS> <EOS>,1.0
RIT_2014_219.bmp,simple,m / q,1 0 ^ { 3 } <EOS> 1 <EOS> <EOS> <EOS> <EOS> <EOS> <EOS> <EOS> <EOS> <EOS> <EOS> <EOS> <EOS> <EOS> <EOS> <EOS> <EOS> <EOS> <EOS> <EOS> <EOS> <EOS> <EOS> <EOS> <EOS> <EOS> <EOS> <EOS> <EOS> <EOS> <EOS> <EOS> <EOS> <EOS> <EOS> <EOS> <EOS> <EOS> <EOS> <EOS> <EOS> <EOS> <EOS> <EOS> <EOS> <EOS> <EOS> <EOS> <EOS> <EOS> <EOS> <EOS> <EOS> <EOS> <EOS> <EOS> <EOS> <EOS> <EOS> <EOS> <EOS> <EOS> <EOS> <EOS> <EOS> <EOS> <EOS> <EOS> <EOS> <EOS> <EOS> <EOS> <EOS> <EOS> <EOS> <EOS> <EOS> <EOS> <EOS> <EOS> <EOS> <EOS> <EOS> <EOS> <EOS> <EOS> <EOS> <EOS> <EOS> <EOS> <EOS> <EOS> <EOS>,1.0
506_em_61.bmp,complex,\sqrt { \sqrt { \sqrt { 4 ^ { 4 ! } } } },\sqrt { x ^ { 2 } + \sqrt { 2 } } <EOS> \sqrt { 1 0 0 0 0 0 0 0 0 0 0 0 0 0 0 0 0 0 0 0 0 0 0 0 0 <EOS> <EOS> <EOS> 0 } <EOS> <EOS> <EOS> <EOS> <EOS> <EOS> <EOS> <EOS> <EOS> <EOS> <EOS> <EOS> <EOS> <EOS> <EOS> <EOS> <EOS> <EOS> <EOS> <EOS> <EOS> <EOS> <EOS> <EOS> <EOS> <EOS> <EOS> <EOS> <EOS> <EOS> <EOS> <EOS> <EOS> <EOS> <EOS> <EOS> <EOS> <EOS> <EOS> <EOS> <EOS> <EOS> <EOS> <EOS> <EOS> <EOS> <EOS> <EOS> <EOS> <EOS> <EOS> <EOS> <EOS> <EOS>,1.0
510_em_103.bmp,complex,\int x \sin x d x,x ^ { 2 } + x + 1 <EOS> x <EOS> <EOS> <EOS> <EOS> <EOS> <EOS> <EOS> <EOS> <EOS> <EOS> <EOS> <EOS> <EOS> <EOS> <EOS> <EOS> <EOS> <EOS> <EOS> <EOS> <EOS> <EOS> <EOS> <EOS> <EOS> <EOS> <EOS> <EOS> <EOS> <EOS> <EOS> <EOS> <EOS> <EOS> <EOS> <EOS> <EOS> <EOS> <EOS> <EOS> <EOS> <EOS> <EOS> <EOS> <EOS> <EOS> <EOS> <EOS> <EOS> <EOS> <EOS> <EOS> <EOS> <EOS> <EOS> <EOS> <EOS> <EOS> <EOS> <EOS> <EOS> <EOS> <EOS> <EOS> <EOS> <EOS> <EOS> <EOS> <EOS> <EOS> <EOS> <EOS> <EOS> <EOS> <EOS> <EOS> <EOS> <EOS> <EOS> <EOS> <EOS> <EOS> <EOS> <EOS> <EOS> <EOS> <EOS> <EOS> <EOS>,1.0
RIT_2014_283.bmp,medium,s = 2 5 8 5 7,x ^ { 2 } + x + 1 <EOS> x + 1 <EOS> x <EOS> <EOS> <EOS> <EOS> <EOS> <EOS> <EOS> <EOS> <EOS> <EOS> <EOS> <EOS> <EOS> <EOS> <EOS> <EOS> <EOS> <EOS> <EOS> <EOS> <EOS> <EOS> <EOS> <EOS> <EOS> <EOS> <EOS> <EOS> <EOS> <EOS> <EOS> <EOS> <EOS> <EOS> <EOS> <EOS> <EOS> <EOS> <EOS> <EOS> <EOS> <EOS> <EOS> <EOS> <EOS> <EOS> <EOS> <EOS> <EOS> <EOS> <EOS> <EOS> <EOS> <EOS> <EOS> <EOS> <EOS> <EOS> <EOS> <EOS> <EOS> <EOS> <EOS> <EOS> <EOS> <EOS> <EOS> <EOS> <EOS> <EOS> <EOS> <EOS> <EOS> <EOS> <EOS> <EOS> <EOS> <EOS> <EOS> <EOS> <EOS> <EOS> <EOS> <EOS> <EOS>,1.0
506_em_60.bmp,complex,b a g _ { 1 },1 - w <EOS> <EOS> <EOS> <EOS> <EOS> <EOS> <EOS> <EOS> <EOS> <EOS> <EOS> <EOS> <EOS> <EOS> <EOS> <EOS> <EOS> <EOS> <EOS> <EOS> <EOS> <EOS> <EOS> <EOS> <EOS> <EOS> <EOS> <EOS> <EOS> <EOS> <EOS> <EOS> <EOS> <EOS> <EOS> <EOS> <EOS> <EOS> <EOS> <EOS> <EOS> <EOS> <EOS> <EOS> <EOS> <EOS> <EOS> <EOS> <EOS> <EOS> <EOS> <EOS> <EOS> <EOS> <EOS> <EOS> <EOS> <EOS> <EOS> <EOS> <EOS> <EOS> <EOS> <EOS> <EOS> <EOS> <EOS> <EOS> <EOS> <EOS> <EOS> <EOS> <EOS> <EOS> <EOS> <EOS> <EOS> <EOS> <EOS> <EOS> <EOS> <EOS> <EOS> <EOS> <EOS> <EOS> <EOS> <EOS> <EOS> <EOS> <EOS> <EOS> <EOS> <EOS> <EOS> <EOS> <EOS>,1.0
502_em_5.bmp,medium,z = \cos \theta + j \sin \theta,x - \pi ( x ) <EOS> <EOS> <EOS> <EOS> <EOS> <EOS> <EOS> <EOS> <EOS> <EOS> <EOS> <EOS> <EOS> <EOS> <EOS> <EOS> <EOS> <EOS> <EOS> <EOS> <EOS> <EOS> <EOS> <EOS> <EOS> <EOS> <EOS> <EOS> <EOS> <EOS> <EOS> <EOS> <EOS> <EOS> <EOS> <EOS> <EOS> <EOS> <EOS> <EOS> <EOS> <EOS> _ { 0 } <EOS> 1 _ { 0 } + \ldots + C _ { n } <EOS> <EOS> _ { 0 } <EOS> <EOS> _ { 0 } <EOS> _ { 0 } <EOS> _ { 0 } <EOS> _ { 0 } <EOS> _ { 0 } <EOS> \ldots,1.0
RIT_2014_224.bmp,complex,\pm \frac { 0 . 0 5 } { 5 0 } = \pm 0 . 0 0 1,\frac { 1 } { 3 } + \frac { 1 } { 3 } = \frac { 1 + 3 } { \sqrt { 3 } + 1 } = \sqrt { 3 } + 1 <EOS> 1 <EOS> 1 <EOS> 1 <EOS> 1 <EOS> 1 <EOS> 1 <EOS> 1 <EOS> 1 <EOS> 1 <EOS> 1 <EOS> 1 <EOS> 1 <EOS> 1 <EOS> 1 <EOS> 1 <EOS> 1 <EOS> 1 <EOS> 1 <EOS> 1 <EOS> 1 <EOS> 1 <EOS> 1 <EOS> 1 <EOS> 1 1 <EOS> 1 <EOS> 1 <EOS> 1 <EOS> 1 <EOS> 1 <EOS> 1 <EOS> 1,1.0
508_em_81.bmp,complex,c _ { 1 } + c _ { 2 } + c _ { 3 },1 + 1 + 1 + 1 + 1 + 1 + 1 + 1 + 1 <EOS> z = 5 <EOS> <EOS> <EOS> <EOS> <EOS> <EOS> <EOS> <EOS> <EOS> <EOS> <EOS> <EOS> <EOS> <EOS> <EOS> <EOS> <EOS> <EOS> <EOS> <EOS> <EOS> <EOS> <EOS> <EOS> <EOS> <EOS> <EOS> <EOS> <EOS> <EOS> <EOS> <EOS> <EOS> <EOS> <EOS> <EOS> <EOS> <EOS> <EOS> <EOS> <EOS> <EOS> <EOS> <EOS> <EOS> <EOS> <EOS> <EOS> <EOS> <EOS> <EOS> <EOS> <EOS> <EOS> <EOS> <EOS> <EOS> <EOS> <EOS> <EOS> <EOS> <EOS> <EOS> <EOS> <EOS> <EOS> <EOS> <EOS> <EOS> <EOS> <EOS> <EOS> <EOS> <EOS> <EOS> <EOS> <EOS> <EOS> <EOS>,1.0
37_em_8.bmp,complex,\tan ( 3 x ) = \frac { 3 \tan ( x ) - \tan ^ { 3 } ( x ) } { 1 - 3 \tan ^ { 2 } ( x ) },\int \frac { 1 } { x + 2 } - \frac { x + y } { x ^ { 2 } - y ^ { 2 } - y ^ { 2 } } <EOS> x <EOS> - \frac { 1 } { x ^ { 2 } - y ^ { 2 } - 1 2 x + 1 2 <EOS> x ^ { 2 } - 1 0 } <EOS> <EOS> <EOS> <EOS> <EOS> <EOS> <EOS> <EOS> <EOS> <EOS> <EOS> <EOS> <EOS> <EOS> <EOS> <EOS> <EOS> <EOS> <EOS> <EOS> <EOS> <EOS> <EOS> <EOS> <EOS> <EOS> <EOS>,1.0
505_em_48.bmp,complex,( a - x ) ( d - x ) - b c = x ^ { 2 } - ( a + d ) x + ( a d - b c ),x ^ { 2 } + y ^ { 2 } + 2 x y + y ^ { 2 } <EOS> x + 1 <EOS> x <EOS> <EOS> <EOS> <EOS> <EOS> <EOS> <EOS> <EOS> <EOS> <EOS> <EOS> <EOS> <EOS> <EOS> <EOS> <EOS> <EOS> <EOS> <EOS> <EOS> <EOS> <EOS> <EOS> <EOS> <EOS> <EOS> <EOS> <EOS> <EOS> <EOS> <EOS> <EOS> <EOS> <EOS> <EOS> <EOS> <EOS> <EOS> <EOS> <EOS> <EOS> <EOS> <EOS> <EOS> <EOS> <EOS> <EOS> <EOS> <EOS> <EOS> <EOS> <EOS> <EOS> <EOS> <EOS> <EOS> <EOS> <EOS> <EOS> <EOS> <EOS> <EOS> <EOS> <EOS> <EOS> <EOS> <EOS> <EOS> <EOS> <EOS> <EOS> <EOS> <EOS>,1.0
502_em_15.bmp,complex,\theta _ { i + 1 } = \theta _ { i } - \alpha _ { i },\int \frac { 1 } { x ^ { 2 } - y ^ { 2 } } d x <EOS> <EOS> <EOS> <EOS> <EOS> <EOS> <EOS> <EOS> <EOS> <EOS> <EOS> <EOS> <EOS> <EOS> <EOS> <EOS> <EOS> <EOS> <EOS> <EOS> <EOS> <EOS> <EOS> <EOS> <EOS> <EOS> <EOS> <EOS> <EOS> <EOS> <EOS> <EOS> <EOS> <EOS> <EOS> <EOS> <EOS> <EOS> <EOS> <EOS> <EOS> <EOS> <EOS> <EOS> <EOS> <EOS> <EOS> <EOS> <EOS> <EOS> <EOS> <EOS> <EOS> <EOS> <EOS> <EOS> <EOS> <EOS> <EOS> <EOS> <EOS> <EOS> <EOS> <EOS> <EOS> <EOS> <EOS> <EOS> <EOS> <EOS> <EOS> <EOS> <EOS> <EOS> <EOS> <EOS> <EOS> <EOS> <EOS> <EOS>,1.0
512_em_282.bmp,complex,\sqrt [ 3 ] { x ^ { 2 } },\sqrt { - 4 } <EOS> \sqrt { 4 } <EOS> <EOS> <EOS> <EOS> <EOS> <EOS> <EOS> <EOS> <EOS> <EOS> <EOS> <EOS> <EOS> <EOS> <EOS> <EOS> <EOS> <EOS> <EOS> <EOS> <EOS> <EOS> <EOS> <EOS> <EOS> <EOS> <EOS> <EOS> <EOS> <EOS> <EOS> <EOS> <EOS> <EOS> <EOS> <EOS> <EOS> <EOS> <EOS> <EOS> <EOS> <EOS> <EOS> <EOS> <EOS> <EOS> <EOS> <EOS> <EOS> <EOS> <EOS> <EOS> <EOS> <EOS> <EOS> <EOS> <EOS> <EOS> <EOS> <EOS> <EOS> <EOS> <EOS> <EOS> <EOS> <EOS> <EOS> <EOS> <EOS> <EOS> <EOS> <EOS> <EOS> <EOS> <EOS> <EOS> <EOS> <EOS> <EOS> <EOS> <EOS> <EOS> <EOS> <EOS> <EOS> <EOS> <EOS> <EOS> <EOS> <EOS>,1.0
513_em_301.bmp,medium,\sin ( - B ) = - \sin B,x ( t ) = x _ { 0 } ( t ) <EOS> <EOS> <EOS> <EOS> <EOS> <EOS> <EOS> <EOS> <EOS> <EOS> <EOS> <EOS> <EOS> <EOS> <EOS> <EOS> _ { 0 } <EOS> 1 <EOS> <EOS> <EOS> <EOS> <EOS> <EOS> <EOS> <EOS> <EOS> <EOS> <EOS> 0 <EOS> <EOS> <EOS> <EOS> <EOS> 0 <EOS> <EOS> <EOS> <EOS> <EOS> 0 <EOS> 0 <EOS> 0 <EOS> 0 <EOS> 0 0 0 0 0 <EOS> 0 <EOS> 0 <EOS> 0 <EOS> 0 <EOS> 0 <EOS> 0 <EOS> 0 <EOS> 0 <EOS> 0 <EOS> 0 <EOS> 0 <EOS> 0 <EOS> 0 <EOS> 0 <EOS>,1.0
37_em_19.bmp,complex,- \frac { \sqrt { 2 - \sqrt { 2 } } } { 2 },\frac { \sqrt { 2 - \sqrt { 2 } } } { 2 } <EOS> \sqrt { 2 } <EOS> <EOS> <EOS> <EOS> <EOS> <EOS> <EOS> <EOS> <EOS> <EOS> <EOS> <EOS> <EOS> <EOS> <EOS> <EOS> <EOS> <EOS> <EOS> <EOS> <EOS> <EOS> <EOS> <EOS> <EOS> <EOS> <EOS> <EOS> <EOS> <EOS> <EOS> <EOS> <EOS> <EOS> <EOS> <EOS> <EOS> <EOS> <EOS> <EOS> <EOS> <EOS> <EOS> <EOS> <EOS> <EOS> <EOS> <EOS> <EOS> <EOS> <EOS> <EOS> <EOS> <EOS> <EOS> <EOS> <EOS> <EOS> <EOS> <EOS> <EOS> <EOS> <EOS> <EOS> <EOS> <EOS> <EOS> <EOS> <EOS> <EOS> <EOS> <EOS> <EOS> <EOS> <EOS> <EOS> <EOS> <EOS> <EOS> <EOS>,1.0
520_em_465.bmp,complex,h ( s ) = \frac { 1 } { 1 + s T },x ^ { 2 } - x y + x y - x y - x y <EOS> x <EOS> <EOS> <EOS> <EOS> <EOS> <EOS> <EOS> <EOS> <EOS> <EOS> <EOS> <EOS> <EOS> <EOS> <EOS> <EOS> <EOS> <EOS> <EOS> <EOS> <EOS> <EOS> <EOS> <EOS> <EOS> <EOS> <EOS> <EOS> <EOS> <EOS> <EOS> <EOS> <EOS> <EOS> <EOS> <EOS> <EOS> <EOS> <EOS> <EOS> <EOS> <EOS> <EOS> <EOS> <EOS> <EOS> <EOS> <EOS> <EOS> <EOS> <EOS> <EOS> <EOS> <EOS> <EOS> <EOS> <EOS> <EOS> <EOS> <EOS> <EOS> <EOS> <EOS> <EOS> <EOS> <EOS> <EOS> <EOS> <EOS> <EOS> <EOS> <EOS> <EOS> <EOS> <EOS> <EOS> <EOS> <EOS> <EOS> <EOS> <EOS>,1.0
502_em_23.bmp,complex,0 + 0 + 0 + 0 + 0 + 0 = 0,1 + 1 + 1 + 1 + 1 + 1 + 1 + 1 + 1 + 1 + 1 + 1 + 1 + 1 + 1 + 1 + 1 + 1 + 1 + 1 + 1 + 1 + 1 + 1 + 1 + 1 + 1 + 1 + 1 + 1 = 5 <EOS> <EOS> <EOS> <EOS> <EOS> <EOS> <EOS> <EOS> <EOS> <EOS> <EOS> <EOS> <EOS> <EOS> <EOS> <EOS> <EOS> <EOS> <EOS> <EOS> <EOS> <EOS> <EOS> <EOS> <EOS> <EOS> <EOS> <EOS> <EOS> <EOS> <EOS> <EOS> <EOS> <EOS> <EOS> <EOS> <EOS> <EOS> <EOS>,1.0
RIT_2014_113.bmp,complex,\int \sin ( x ) \sin ( 2 x ) d x,( a + b ) u = a u + b v <EOS> <EOS> <EOS> <EOS> <EOS> <EOS> <EOS> <EOS> <EOS> <EOS> <EOS> <EOS> <EOS> <EOS> <EOS> <EOS> <EOS> <EOS> <EOS> <EOS> <EOS> <EOS> <EOS> <EOS> <EOS> <EOS> <EOS> <EOS> <EOS> <EOS> <EOS> <EOS> <EOS> <EOS> <EOS> <EOS> <EOS> <EOS> <EOS> <EOS> <EOS> <EOS> <EOS> <EOS> <EOS> <EOS> <EOS> <EOS> <EOS> <EOS> <EOS> <EOS> <EOS> <EOS> <EOS> <EOS> <EOS> <EOS> <EOS> <EOS> <EOS> <EOS> <EOS> <EOS> <EOS> <EOS> <EOS> <EOS> <EOS> <EOS> <EOS> <EOS> <EOS> <EOS> <EOS> <EOS> <EOS> <EOS> <EOS> <EOS> <EOS> <EOS> <EOS> <EOS> <EOS> <EOS> <EOS> <EOS>,1.0
RIT_2014_124.bmp,complex,\pi e \sqrt { x },\sqrt { a } + \sqrt { b } <EOS> \sqrt { b } <EOS> <EOS> <EOS> <EOS> <EOS> <EOS> <EOS> <EOS> <EOS> <EOS> <EOS> <EOS> <EOS> <EOS> <EOS> <EOS> <EOS> <EOS> <EOS> <EOS> <EOS> <EOS> <EOS> <EOS> <EOS> <EOS> <EOS> <EOS> <EOS> <EOS> <EOS> <EOS> <EOS> <EOS> <EOS> <EOS> <EOS> <EOS> <EOS> <EOS> <EOS> <EOS> <EOS> <EOS> <EOS> <EOS> <EOS> <EOS> <EOS> <EOS> <EOS> <EOS> <EOS> <EOS> <EOS> <EOS> <EOS> <EOS> <EOS> <EOS> <EOS> <EOS> <EOS> <EOS> <EOS> <EOS> <EOS> <EOS> <EOS> <EOS> <EOS> <EOS> <EOS> <EOS> <EOS> <EOS> <EOS> <EOS> <EOS> <EOS> <EOS> <EOS> <EOS> <EOS> <EOS> <EOS>,1.0
514_em_347.bmp,complex,r = \lim \frac { | a _ { n } | } { | a _ { n + 1 } | },\int \frac { 1 } { x } \sqrt { x } = \frac { x } { x } <EOS> x <EOS> - \frac { 1 } { x + 1 } <EOS> x ^ { 2 } <EOS> x + 1 <EOS> x <EOS> <EOS> <EOS> <EOS> <EOS> <EOS> <EOS> <EOS> <EOS> <EOS> <EOS> <EOS> <EOS> <EOS> <EOS> <EOS> <EOS> <EOS> <EOS> <EOS> <EOS> <EOS> <EOS> <EOS> <EOS> <EOS> <EOS> <EOS> <EOS> <EOS> <EOS> <EOS> <EOS> <EOS> <EOS> <EOS> <EOS> <EOS> <EOS> <EOS> <EOS> <EOS> <EOS> <EOS> <EOS> <EOS> <EOS> <EOS> <EOS> <EOS> <EOS> <EOS> <EOS> <EOS> <EOS>,1.0
509_em_93.bmp,simple,| S |,x - 8 <EOS> <EOS> <EOS> <EOS> <EOS> <EOS> <EOS> <EOS> <EOS> <EOS> <EOS> <EOS> <EOS> <EOS> <EOS> <EOS> <EOS> <EOS> <EOS> <EOS> <EOS> <EOS> <EOS> <EOS> <EOS> <EOS> <EOS> <EOS> <EOS> <EOS> <EOS> <EOS> <EOS> <EOS> <EOS> <EOS> <EOS> <EOS> <EOS> <EOS> <EOS> <EOS> <EOS> <EOS> <EOS> <EOS> <EOS> <EOS> <EOS> <EOS> <EOS> <EOS> <EOS> <EOS> <EOS> <EOS> <EOS> <EOS> <EOS> <EOS> <EOS> <EOS> <EOS> <EOS> <EOS> <EOS> <EOS> <EOS> <EOS> <EOS> <EOS> <EOS> <EOS> <EOS> <EOS> <EOS> <EOS> <EOS> <EOS> <EOS> <EOS> <EOS> <EOS> <EOS> <EOS> <EOS> <EOS> <EOS> <EOS> <EOS> <EOS> <EOS> <EOS> <EOS> <EOS> <EOS> <EOS>,1.0
RIT_2014_68.bmp,complex,e ^ { - t } \cos 2 ^ { t },x ^ { 2 } + x + 1 <EOS> x <EOS> <EOS> <EOS> <EOS> <EOS> <EOS> <EOS> <EOS> <EOS> <EOS> <EOS> <EOS> <EOS> <EOS> <EOS> <EOS> <EOS> <EOS> <EOS> <EOS> <EOS> <EOS> <EOS> <EOS> <EOS> <EOS> <EOS> <EOS> <EOS> <EOS> <EOS> <EOS> <EOS> <EOS> <EOS> <EOS> <EOS> <EOS> <EOS> <EOS> <EOS> <EOS> <EOS> <EOS> <EOS> <EOS> <EOS> <EOS> <EOS> <EOS> <EOS> <EOS> <EOS> <EOS> <EOS> <EOS> <EOS> <EOS> <EOS> <EOS> <EOS> <EOS> <EOS> <EOS> <EOS> <EOS> <EOS> <EOS> <EOS> <EOS> <EOS> <EOS> <EOS> <EOS> <EOS> <EOS> <EOS> <EOS> <EOS> <EOS> <EOS> <EOS> <EOS> <EOS> <EOS> <EOS> <EOS> <EOS> <EOS>,1.0
RIT_2014_268.bmp,complex,\int \frac { 1 } { x } \sqrt { \frac { 1 - x } { x } } d x,\sqrt { x ^ { 2 } - \sqrt { 3 } + 1 <EOS> x ^ { 2 } <EOS> 1 <EOS> <EOS> <EOS> <EOS> <EOS> <EOS> <EOS> <EOS> <EOS> <EOS> <EOS> <EOS> <EOS> <EOS> <EOS> <EOS> <EOS> <EOS> <EOS> <EOS> <EOS> <EOS> <EOS> <EOS> <EOS> <EOS> <EOS> <EOS> <EOS> <EOS> <EOS> <EOS> <EOS> <EOS> <EOS> <EOS> <EOS> <EOS> <EOS> <EOS> <EOS> <EOS> <EOS> <EOS> <EOS> <EOS> <EOS> <EOS> <EOS> <EOS> <EOS> <EOS> <EOS> <EOS> <EOS> <EOS> <EOS> <EOS> <EOS> <EOS> <EOS> <EOS> <EOS> <EOS> <EOS> <EOS> <EOS> <EOS> <EOS> <EOS> <EOS> <EOS> <EOS> <EOS> <EOS> <EOS> <EOS> <EOS>,1.0
26_em_84.bmp,complex,S _ { \infty } = \lim \limits _ { n \rightarrow \infty } \frac { a ( 1 - r ^ { n } ) } { 1 - r } = \frac { a } { 1 - r },x ^ { 2 } - x y + x y - y ^ { 2 } <EOS> x <EOS> - 2 y <EOS> <EOS> <EOS> <EOS> <EOS> <EOS> <EOS> <EOS> <EOS> <EOS> <EOS> <EOS> <EOS> <EOS> <EOS> <EOS> <EOS> <EOS> <EOS> <EOS> <EOS> <EOS> <EOS> <EOS> <EOS> <EOS> <EOS> <EOS> <EOS> <EOS> <EOS> <EOS> <EOS> <EOS> <EOS> <EOS> <EOS> <EOS> <EOS> <EOS> <EOS> <EOS> <EOS> <EOS> <EOS> <EOS> <EOS> <EOS> <EOS> <EOS> <EOS> <EOS> <EOS> <EOS> <EOS> <EOS> <EOS> <EOS> <EOS> <EOS> <EOS> <EOS> <EOS> <EOS> <EOS> <EOS> <EOS> <EOS> <EOS> <EOS> <EOS> <EOS> <EOS> <EOS> <EOS> <EOS> <EOS>,1.0
20_em_31.bmp,complex,X X ^ { - 1 } = X ^ { - 1 } X = I,x ^ { 2 } + y ^ { 2 } = x ^ { 2 } + y ^ { 2 } <EOS> x + 1 <EOS> x <EOS> <EOS> <EOS> <EOS> <EOS> <EOS> <EOS> <EOS> <EOS> <EOS> <EOS> <EOS> <EOS> <EOS> <EOS> <EOS> <EOS> <EOS> <EOS> <EOS> <EOS> <EOS> <EOS> <EOS> <EOS> <EOS> <EOS> <EOS> <EOS> <EOS> <EOS> <EOS> <EOS> <EOS> <EOS> <EOS> <EOS> <EOS> <EOS> <EOS> <EOS> <EOS> <EOS> <EOS> <EOS> <EOS> <EOS> <EOS> <EOS> <EOS> <EOS> <EOS> <EOS> <EOS> <EOS> <EOS> <EOS> <EOS> <EOS> <EOS> <EOS> <EOS> <EOS> <EOS> <EOS> <EOS> <EOS> <EOS> <EOS> <EOS> <EOS>,1.0
504_em_37.bmp,complex,| y _ { 2 } - y _ { 1 } |,x - \pi ( x ) <EOS> <EOS> <EOS> <EOS> <EOS> <EOS> <EOS> <EOS> <EOS> <EOS> <EOS> <EOS> <EOS> <EOS> <EOS> <EOS> <EOS> <EOS> <EOS> <EOS> <EOS> <EOS> <EOS> <EOS> <EOS> <EOS> <EOS> <EOS> <EOS> <EOS> <EOS> <EOS> <EOS> <EOS> <EOS> <EOS> <EOS> <EOS> <EOS> <EOS> <EOS> <EOS> <EOS> <EOS> <EOS> <EOS> <EOS> <EOS> <EOS> <EOS> <EOS> <EOS> <EOS> <EOS> <EOS> <EOS> <EOS> <EOS> <EOS> <EOS> <EOS> <EOS> <EOS> <EOS> <EOS> <EOS> <EOS> <EOS> <EOS> <EOS> <EOS> <EOS> <EOS> <EOS> <EOS> <EOS> <EOS> <EOS> <EOS> <EOS> <EOS> <EOS> <EOS> <EOS> <EOS> <EOS> <EOS> <EOS> <EOS> <EOS> <EOS> <EOS> <EOS> <EOS>,1.0
RIT_2014_129.bmp,complex,\int \limits _ { 2 } ^ { b } f d \alpha,x ^ { 2 } + x ^ { 2 } <EOS> 1 <EOS> <EOS> <EOS> <EOS> <EOS> <EOS> <EOS> <EOS> <EOS> <EOS> <EOS> <EOS> <EOS> <EOS> <EOS> <EOS> <EOS> <EOS> <EOS> <EOS> <EOS> <EOS> <EOS> <EOS> <EOS> <EOS> <EOS> <EOS> <EOS> <EOS> <EOS> <EOS> <EOS> <EOS> <EOS> <EOS> <EOS> <EOS> <EOS> <EOS> <EOS> <EOS> <EOS> <EOS> <EOS> <EOS> <EOS> <EOS> <EOS> <EOS> <EOS> <EOS> <EOS> <EOS> <EOS> <EOS> <EOS> <EOS> <EOS> <EOS> <EOS> <EOS> <EOS> <EOS> <EOS> <EOS> <EOS> <EOS> <EOS> <EOS> <EOS> <EOS> <EOS> <EOS> <EOS> <EOS> <EOS> <EOS> <EOS> <EOS> <EOS> <EOS> <EOS> <EOS> <EOS> <EOS> <EOS>,1.0
513_em_311.bmp,complex,1 0 ^ { \frac { 1 } { 1 0 } },x ^ { \frac { 1 } { 1 - x } } <EOS> 1 <EOS> x <EOS> <EOS> <EOS> <EOS> <EOS> <EOS> <EOS> <EOS> <EOS> <EOS> <EOS> <EOS> <EOS> <EOS> <EOS> <EOS> <EOS> <EOS> <EOS> <EOS> <EOS> <EOS> <EOS> <EOS> <EOS> <EOS> <EOS> <EOS> <EOS> <EOS> <EOS> <EOS> <EOS> <EOS> <EOS> <EOS> <EOS> <EOS> <EOS> <EOS> <EOS> <EOS> <EOS> <EOS> <EOS> <EOS> <EOS> <EOS> <EOS> <EOS> <EOS> <EOS> <EOS> <EOS> <EOS> <EOS> <EOS> <EOS> <EOS> <EOS> <EOS> <EOS> <EOS> <EOS> <EOS> <EOS> <EOS> <EOS> <EOS> <EOS> <EOS> <EOS> <EOS> <EOS> <EOS> <EOS> <EOS> <EOS> <EOS> <EOS> <EOS> <EOS> <EOS>,1.0
RIT_2014_35.bmp,simple,\theta + c,x - \pi ( x ) <EOS> <EOS> <EOS> <EOS> <EOS> <EOS> <EOS> <EOS> <EOS> <EOS> <EOS> <EOS> <EOS> <EOS> <EOS> <EOS> <EOS> <EOS> <EOS> <EOS> <EOS> <EOS> <EOS> <EOS> <EOS> <EOS> <EOS> <EOS> <EOS> <EOS> <EOS> <EOS> <EOS> <EOS> <EOS> <EOS> <EOS> <EOS> <EOS> <EOS> <EOS> <EOS> <EOS> <EOS> <EOS> <EOS> <EOS> <EOS> <EOS> <EOS> <EOS> <EOS> <EOS> <EOS> <EOS> <EOS> <EOS> <EOS> <EOS> <EOS> <EOS> <EOS> <EOS> <EOS> <EOS> <EOS> <EOS> <EOS> <EOS> <EOS> <EOS> <EOS> <EOS> <EOS> <EOS> <EOS> <EOS> <EOS> <EOS> <EOS> <EOS> <EOS> <EOS> <EOS> <EOS> <EOS> <EOS> <EOS> <EOS> <EOS> <EOS> <EOS> <EOS> <EOS>,1.0
RIT_2014_216.bmp,complex,\lim \limits _ { y \rightarrow x } f ( y ) = f ( x ),\int - \cos \phi d \phi <EOS> \cos \phi <EOS> \cos ( \phi + \theta ) <EOS> <EOS> <EOS> <EOS> <EOS> <EOS> <EOS> <EOS> <EOS> <EOS> <EOS> <EOS> <EOS> <EOS> <EOS> <EOS> <EOS> <EOS> <EOS> <EOS> <EOS> <EOS> <EOS> <EOS> <EOS> <EOS> <EOS> <EOS> <EOS> <EOS> <EOS> <EOS> <EOS> <EOS> 1 _ { 0 } <EOS> 1 <EOS> 0 <EOS> 0 0 0 <EOS> 0 <EOS> 0 <EOS> 0 <EOS> 0 <EOS> 0 <EOS> 0 <EOS> 0 <EOS> 0 <EOS> 0 0 0 <EOS> 0 <EOS> 0 <EOS> 0 <EOS> 0 <EOS> 0 <EOS> 0 <EOS> 0 <EOS> 0 <EOS>,1.0
34_em_239.bmp,medium,\Delta x \Delta k \geq 1 / 2,x - \pi ( x ) <EOS> <EOS> <EOS> <EOS> <EOS> <EOS> <EOS> <EOS> <EOS> <EOS> <EOS> <EOS> <EOS> <EOS> <EOS> <EOS> <EOS> <EOS> <EOS> <EOS> <EOS> <EOS> <EOS> <EOS> <EOS> <EOS> <EOS> <EOS> <EOS> <EOS> <EOS> <EOS> <EOS> <EOS> <EOS> <EOS> <EOS> <EOS> <EOS> <EOS> <EOS> <EOS> <EOS> <EOS> <EOS> <EOS> <EOS> <EOS> _ { 0 } <EOS> 1 _ { 0 } <EOS> 1 _ { 1 } <EOS> 1 _ { 1 } <EOS> 1 _ { 3 } <EOS> <EOS> _ { 3 } <EOS> <EOS> _ { 3 } <EOS> <EOS> <EOS> <EOS> <EOS> <EOS>,1.0
503_em_28.bmp,complex,y ^ { \frac { 1 } { b } } \leq x ^ { \frac { 1 } { b } },x ^ { 8 } + x ^ { 4 } + 1 <EOS> x ^ { 2 } <EOS> <EOS> <EOS> <EOS> <EOS> <EOS> <EOS> <EOS> <EOS> <EOS> <EOS> <EOS> <EOS> <EOS> <EOS> <EOS> <EOS> <EOS> <EOS> <EOS> <EOS> <EOS> <EOS> <EOS> <EOS> <EOS> <EOS> <EOS> <EOS> <EOS> <EOS> <EOS> <EOS> <EOS> <EOS> <EOS> <EOS> <EOS> <EOS> <EOS> <EOS> <EOS> <EOS> <EOS> <EOS> <EOS> <EOS> <EOS> <EOS> <EOS> <EOS> <EOS> <EOS> <EOS> <EOS> <EOS> <EOS> <EOS> <EOS> <EOS> <EOS> <EOS> <EOS> <EOS> <EOS> <EOS> <EOS> <EOS> <EOS> <EOS> <EOS> <EOS> <EOS> <EOS> <EOS> <EOS> <EOS> <EOS> <EOS> <EOS> <EOS>,1.0
32_em_210.bmp,complex,\frac { 1 - 2 p } { \sqrt { n p ( 1 - p ) } },\frac { a ^ { 2 } - a \sqrt { a } } { a - 1 } <EOS> - \frac { 1 - 2 a } { 1 - a ^ { n } } <EOS> <EOS> <EOS> <EOS> <EOS> <EOS> <EOS> <EOS> <EOS> <EOS> <EOS> <EOS> <EOS> } <EOS> <EOS> <EOS> <EOS> <EOS> } <EOS> <EOS> <EOS> <EOS> <EOS> <EOS> <EOS> } <EOS> <EOS> <EOS> <EOS> <EOS> <EOS> <EOS> <EOS> <EOS> <EOS> <EOS> <EOS> <EOS> <EOS> <EOS> <EOS> <EOS> <EOS> <EOS> <EOS> <EOS> <EOS> <EOS> <EOS> <EOS> <EOS> <EOS> <EOS> <EOS> } <EOS> 1 <EOS> r ^,1.0
34_em_241.bmp,medium,\phi ( \phi ( n ) ),x - \pi ( x ) <EOS> <EOS> <EOS> <EOS> <EOS> <EOS> <EOS> <EOS> <EOS> <EOS> <EOS> <EOS> <EOS> <EOS> <EOS> <EOS> <EOS> <EOS> <EOS> <EOS> <EOS> <EOS> <EOS> <EOS> <EOS> <EOS> <EOS> <EOS> <EOS> <EOS> <EOS> <EOS> <EOS> <EOS> <EOS> <EOS> <EOS> <EOS> <EOS> <EOS> <EOS> <EOS> <EOS> <EOS> <EOS> <EOS> <EOS> <EOS> <EOS> <EOS> <EOS> <EOS> <EOS> <EOS> <EOS> <EOS> <EOS> <EOS> <EOS> <EOS> <EOS> <EOS> <EOS> <EOS> <EOS> <EOS> <EOS> <EOS> <EOS> <EOS> <EOS> <EOS> <EOS> <EOS> <EOS> <EOS> <EOS> <EOS> <EOS> <EOS> <EOS> <EOS> <EOS> <EOS> <EOS> <EOS> <EOS> <EOS> <EOS> <EOS> <EOS> <EOS> <EOS> <EOS>,1.0
RIT_2014_212.bmp,complex,t _ { 0 } \leq t \leq b,1 + 1 + 1 + 1 <EOS> 1 <EOS> 1 <EOS> <EOS> <EOS> <EOS> <EOS> <EOS> <EOS> <EOS> <EOS> <EOS> <EOS> <EOS> <EOS> <EOS> <EOS> <EOS> <EOS> <EOS> <EOS> <EOS> <EOS> <EOS> <EOS> <EOS> <EOS> <EOS> <EOS> <EOS> <EOS> <EOS> <EOS> <EOS> <EOS> <EOS> <EOS> <EOS> <EOS> <EOS> <EOS> <EOS> <EOS> <EOS> <EOS> <EOS> <EOS> <EOS> <EOS> <EOS> <EOS> <EOS> <EOS> <EOS> <EOS> <EOS> <EOS> <EOS> <EOS> <EOS> <EOS> <EOS> <EOS> <EOS> <EOS> <EOS> <EOS> <EOS> <EOS> <EOS> <EOS> <EOS> <EOS> <EOS> <EOS> <EOS> <EOS> <EOS> <EOS> <EOS> <EOS> <EOS> <EOS> <EOS> <EOS> <EOS> <EOS> <EOS> <EOS> <EOS> <EOS>,1.0
515_em_363.bmp,complex,\frac { d _ { 2 } } { d _ { 2 } - 2 },\frac { 1 } { 1 - z ^ { - 1 } } <EOS> 1 <EOS> z ^ { - 1 } <EOS> z ^ { - 1 } <EOS> z ^ { - 1 } <EOS> z ^ { - 1 } <EOS> z ^ { - 1 } <EOS> z ^ { - 1 } <EOS> z ^ { - 1 } <EOS> z ^ { - 1 } <EOS> z ^ { - 1 } <EOS> z ^ { - 1 } <EOS> z ^ { - 1 } <EOS> z ^ { - 1 },1.0
501_em_6.bmp,complex,f ( 1 . 9 9 9 9 9 ) = 3 . 9 9 9 9 9,( a + b i ) - ( c + d i ) = ( a - b ) <EOS> <EOS> <EOS> <EOS> <EOS> <EOS> <EOS> <EOS> <EOS> <EOS> <EOS> <EOS> <EOS> <EOS> <EOS> <EOS> <EOS> <EOS> <EOS> <EOS> <EOS> <EOS> <EOS> <EOS> <EOS> <EOS> <EOS> <EOS> <EOS> <EOS> <EOS> <EOS> <EOS> <EOS> <EOS> <EOS> <EOS> <EOS> <EOS> <EOS> <EOS> <EOS> <EOS> <EOS> <EOS> <EOS> <EOS> <EOS> <EOS> <EOS> <EOS> <EOS> <EOS> <EOS> <EOS> <EOS> <EOS> <EOS> <EOS> <EOS> <EOS> <EOS> <EOS> <EOS> <EOS> <EOS> <EOS> <EOS> <EOS> <EOS> <EOS> <EOS> <EOS> <EOS> <EOS> <EOS> <EOS> <EOS> <EOS> <EOS> <EOS>,1.0
514_em_334.bmp,complex,\sum \limits _ { n = 1 } ^ { 1 0 } ( 2 n + 1 ) - \sum \limits _ { n = 1 } ^ { 4 } ( 2 n + 1 ),( x ^ { 2 } - 2 x + 2 ) ( x ^ { 2 } - 2 x + 2 ) <EOS> <EOS> <EOS> <EOS> <EOS> <EOS> <EOS> <EOS> <EOS> <EOS> <EOS> <EOS> <EOS> <EOS> <EOS> <EOS> <EOS> <EOS> <EOS> <EOS> <EOS> <EOS> <EOS> <EOS> <EOS> <EOS> <EOS> <EOS> <EOS> <EOS> <EOS> <EOS> <EOS> <EOS> <EOS> <EOS> <EOS> <EOS> <EOS> <EOS> <EOS> <EOS> <EOS> <EOS> <EOS> <EOS> <EOS> <EOS> <EOS> <EOS> <EOS> <EOS> <EOS> <EOS> <EOS> <EOS> <EOS> <EOS> <EOS> <EOS> <EOS> <EOS> <EOS> <EOS> <EOS> <EOS> <EOS> <EOS> <EOS> <EOS> <EOS> <EOS> <EOS> <EOS> <EOS> <EOS>,1.0
34_em_230.bmp,complex,( a + b ) ^ { 2 } = a ^ { 2 } + 2 a b + b ^ { 2 },x - \pi ( x ) <EOS> <EOS> <EOS> <EOS> <EOS> <EOS> <EOS> <EOS> <EOS> <EOS> <EOS> <EOS> <EOS> <EOS> <EOS> <EOS> <EOS> <EOS> <EOS> <EOS> <EOS> <EOS> <EOS> <EOS> <EOS> <EOS> <EOS> <EOS> <EOS> <EOS> <EOS> <EOS> <EOS> <EOS> <EOS> <EOS> <EOS> <EOS> <EOS> <EOS> <EOS> <EOS> <EOS> <EOS> <EOS> <EOS> _ { 0 } <EOS> 1 _ { 0 } + \ldots + C _ { n } <EOS> <EOS> _ { 0 } <EOS> <EOS> _ { 0 } <EOS> <EOS> _ { 0 } <EOS> _ { 0 } <EOS> _ { 0 } <EOS> 1,1.0
RIT_2014_12.bmp,complex,k _ { n + 1 } = n ^ { 2 } + k _ { n } ^ { 2 } - k _ { n - 1 },x ^ { 2 } - x y + x y - y ^ { 2 } <EOS> x + 1 <EOS> x <EOS> <EOS> <EOS> <EOS> <EOS> <EOS> <EOS> <EOS> <EOS> <EOS> <EOS> <EOS> <EOS> <EOS> <EOS> <EOS> <EOS> <EOS> <EOS> <EOS> <EOS> <EOS> <EOS> <EOS> <EOS> <EOS> <EOS> <EOS> <EOS> <EOS> <EOS> <EOS> <EOS> <EOS> <EOS> <EOS> <EOS> <EOS> <EOS> <EOS> <EOS> <EOS> <EOS> <EOS> <EOS> <EOS> <EOS> <EOS> <EOS> <EOS> <EOS> <EOS> <EOS> <EOS> <EOS> <EOS> <EOS> <EOS> <EOS> <EOS> <EOS> <EOS> <EOS> <EOS> <EOS> <EOS> <EOS> <EOS> <EOS> <EOS> <EOS> <EOS> <EOS> <EOS> <EOS> <EOS> <EOS>,1.0
32_em_202.bmp,medium,3 N - 3 - 2 = 3 N - 5,x - \pi ( x ) <EOS> <EOS> <EOS> <EOS> <EOS> <EOS> <EOS> <EOS> <EOS> <EOS> <EOS> <EOS> <EOS> <EOS> <EOS> <EOS> <EOS> <EOS> <EOS> <EOS> <EOS> <EOS> <EOS> <EOS> <EOS> <EOS> <EOS> <EOS> <EOS> <EOS> <EOS> <EOS> <EOS> <EOS> <EOS> <EOS> <EOS> <EOS> <EOS> <EOS> <EOS> <EOS> <EOS> <EOS> <EOS> <EOS> <EOS> <EOS> <EOS> <EOS> <EOS> <EOS> <EOS> <EOS> <EOS> <EOS> <EOS> <EOS> <EOS> <EOS> <EOS> <EOS> <EOS> <EOS> <EOS> <EOS> <EOS> <EOS> <EOS> <EOS> <EOS> <EOS> <EOS> <EOS> <EOS> <EOS> <EOS> <EOS> <EOS> <EOS> <EOS> <EOS> <EOS> <EOS> <EOS> <EOS> <EOS> <EOS> <EOS> <EOS> <EOS> <EOS> <EOS> <EOS>,1.0
RIT_2014_88.bmp,complex,\frac { 4 + 4 } { 4 + 4 },\frac { 1 - 2 p } { \sqrt { 1 - p } } <EOS> \sqrt { \alpha ^ { - 1 } } <EOS> \sqrt { \alpha ^ { - 1 } } <EOS> 1 <EOS> z ^ { - 1 } <EOS> 1 <EOS> z ^ { - 1 } <EOS> 1 - z ^ { - 1 } <EOS> 1 0 0 0 } <EOS> 1 <EOS> 0 0 0 } <EOS> 1 <EOS> 0 0 0 ^ { - 1 } <EOS> 1 0 0 0 } <EOS> 1 <EOS> 0 0 0 <EOS> 0,1.0
RIT_2014_106.bmp,simple,\sin 6 \theta,x - \pi ( x ) <EOS> <EOS> <EOS> <EOS> <EOS> <EOS> <EOS> <EOS> <EOS> <EOS> <EOS> <EOS> <EOS> <EOS> <EOS> <EOS> <EOS> <EOS> <EOS> <EOS> <EOS> <EOS> <EOS> <EOS> <EOS> <EOS> <EOS> <EOS> <EOS> <EOS> <EOS> <EOS> <EOS> <EOS> <EOS> <EOS> <EOS> <EOS> <EOS> <EOS> <EOS> <EOS> <EOS> <EOS> <EOS> <EOS> <EOS> <EOS> <EOS> <EOS> <EOS> <EOS> <EOS> <EOS> <EOS> <EOS> <EOS> <EOS> <EOS> <EOS> <EOS> <EOS> <EOS> <EOS> <EOS> <EOS> <EOS> <EOS> <EOS> <EOS> <EOS> <EOS> <EOS> <EOS> <EOS> <EOS> <EOS> <EOS> <EOS> <EOS> <EOS> <EOS> <EOS> <EOS> <EOS> <EOS> <EOS> <EOS> <EOS> <EOS> <EOS> <EOS> <EOS> <EOS>,1.0
RIT_2014_197.bmp,complex,k _ { i } = \frac { x _ { i } } { \sum x _ { i } },\frac { 1 } { 1 - z ^ { - 1 } } = \frac { 1 } { 1 - z ^ { - 1 } } <EOS> 1 <EOS> z ^ { - 1 } <EOS> 1 <EOS> z ^ { - 1 } <EOS> z ^ { 2 } <EOS> 1 <EOS> z ^ { - 1 } <EOS> 1 <EOS> 1 <EOS> 1 <EOS> 1 <EOS> 1 <EOS> 1 <EOS> 1 <EOS> 1 <EOS> 1 <EOS> 1 <EOS> 1 <EOS> 1 <EOS> 1 <EOS> 1 <EOS> 1 <EOS> 1 <EOS> 1 <EOS> 1 0 ^,1.0
RIT_2014_40.bmp,simple,c o d,x - 8 <EOS> <EOS> <EOS> <EOS> <EOS> <EOS> <EOS> <EOS> <EOS> <EOS> <EOS> <EOS> <EOS> <EOS> <EOS> <EOS> <EOS> <EOS> <EOS> <EOS> <EOS> <EOS> <EOS> <EOS> <EOS> <EOS> <EOS> <EOS> <EOS> <EOS> <EOS> <EOS> <EOS> <EOS> <EOS> <EOS> <EOS> <EOS> <EOS> <EOS> <EOS> <EOS> <EOS> <EOS> <EOS> <EOS> <EOS> <EOS> <EOS> <EOS> <EOS> <EOS> <EOS> <EOS> <EOS> <EOS> <EOS> <EOS> <EOS> <EOS> <EOS> <EOS> <EOS> <EOS> <EOS> <EOS> <EOS> <EOS> <EOS> <EOS> <EOS> <EOS> <EOS> <EOS> <EOS> <EOS> <EOS> <EOS> <EOS> <EOS> <EOS> <EOS> <EOS> <EOS> <EOS> <EOS> <EOS> <EOS> <EOS> <EOS> <EOS> <EOS> <EOS> <EOS> <EOS> <EOS> <EOS>,1.0
514_em_340.bmp,medium,- 1 0 0 1 y = - 9 9 9,x ^ { 2 } + y ^ { 2 } = - 5 <EOS> <EOS> <EOS> <EOS> <EOS> <EOS> <EOS> <EOS> <EOS> <EOS> <EOS> <EOS> <EOS> <EOS> <EOS> <EOS> <EOS> <EOS> <EOS> <EOS> <EOS> <EOS> <EOS> <EOS> <EOS> <EOS> <EOS> <EOS> <EOS> <EOS> <EOS> <EOS> <EOS> <EOS> <EOS> <EOS> <EOS> <EOS> <EOS> <EOS> <EOS> <EOS> <EOS> <EOS> <EOS> <EOS> <EOS> <EOS> <EOS> <EOS> <EOS> <EOS> <EOS> <EOS> <EOS> <EOS> <EOS> <EOS> <EOS> <EOS> <EOS> <EOS> <EOS> <EOS> <EOS> <EOS> <EOS> <EOS> <EOS> <EOS> <EOS> <EOS> <EOS> <EOS> <EOS> <EOS> <EOS> <EOS> <EOS> <EOS> <EOS> <EOS> <EOS> <EOS> <EOS> <EOS>,1.0
27_em_103.bmp,simple,\exists y \exists x F,\sqrt { 9 1 } <EOS> \sqrt { 5 } <EOS> <EOS> <EOS> <EOS> <EOS> <EOS> <EOS> <EOS> <EOS> <EOS> <EOS> <EOS> <EOS> <EOS> <EOS> <EOS> <EOS> <EOS> <EOS> <EOS> <EOS> <EOS> <EOS> <EOS> <EOS> <EOS> <EOS> <EOS> <EOS> <EOS> <EOS> <EOS> <EOS> <EOS> <EOS> <EOS> <EOS> <EOS> <EOS> <EOS> <EOS> <EOS> <EOS> <EOS> <EOS> <EOS> <EOS> <EOS> <EOS> <EOS> <EOS> <EOS> <EOS> <EOS> <EOS> <EOS> <EOS> <EOS> <EOS> <EOS> <EOS> <EOS> <EOS> <EOS> <EOS> <EOS> <EOS> <EOS> <EOS> <EOS> <EOS> <EOS> <EOS> <EOS> <EOS> <EOS> <EOS> <EOS> <EOS> <EOS> <EOS> <EOS> <EOS> <EOS> <EOS> <EOS> <EOS> <EOS> <EOS> <EOS>,1.0
517_em_400.bmp,complex,\frac { a + b } { 2 },\frac { 1 - 2 p } { 1 - p } <EOS> \frac { 1 - p } { 1 - p } <EOS> 1 <EOS> <EOS> <EOS> <EOS> <EOS> <EOS> <EOS> <EOS> <EOS> <EOS> <EOS> - p ^ { - 1 } <EOS> 1 <EOS> z ^ { - 1 } <EOS> 1 <EOS> z ^ { - 1 } <EOS> 1 <EOS> 1 <EOS> 1 - 1 - 1 - 1 - 1 - 1 - 1 } <EOS> 1 - 1 - 1 - 1 - 1 = 1 - 1 - 1 - 1 -,1.0
501_em_19.bmp,complex,\tan ( 5 x ) = \frac { 5 \tan ( x ) - 1 0 \tan ^ { 3 } ( x ) + \tan ^ { 5 } ( x ) } { 1 - 1 0 \tan ^ { 2 } ( x ) + 5 \tan ^ { 4 } ( x ) },x - \pi ( x ) = \frac { 1 } { 2 } ( x + 2 ) <EOS> <EOS> <EOS> <EOS> <EOS> <EOS> <EOS> <EOS> <EOS> <EOS> <EOS> <EOS> <EOS> <EOS> <EOS> <EOS> <EOS> <EOS> <EOS> <EOS> <EOS> <EOS> <EOS> <EOS> <EOS> <EOS> <EOS> <EOS> <EOS> <EOS> <EOS> <EOS> <EOS> _ { 0 } <EOS> \ldots <EOS> _ { 0 } <EOS> <EOS> _ { 0 } <EOS> <EOS> _ { 0 } <EOS> <EOS> _ { 0 } <EOS> <EOS> _ { 0 } <EOS> <EOS> _ { 0 } <EOS> <EOS> _ { 0 } <EOS>,1.0
513_em_317.bmp,complex,\frac { 7 x } { 7 } = \frac { 1 4 } { 7 },\frac { 1 } { 3 } + \frac { 1 } { 3 } <EOS> \frac { 1 } { 3 } <EOS> 1 <EOS> <EOS> <EOS> <EOS> <EOS> <EOS> <EOS> <EOS> <EOS> <EOS> <EOS> <EOS> <EOS> <EOS> <EOS> <EOS> <EOS> <EOS> <EOS> <EOS> <EOS> <EOS> <EOS> <EOS> <EOS> <EOS> <EOS> <EOS> <EOS> <EOS> <EOS> <EOS> <EOS> <EOS> <EOS> <EOS> <EOS> <EOS> <EOS> <EOS> <EOS> <EOS> <EOS> <EOS> <EOS> <EOS> <EOS> <EOS> <EOS> <EOS> <EOS> <EOS> <EOS> <EOS> <EOS> <EOS> <EOS> <EOS> <EOS> <EOS> <EOS> <EOS> <EOS> <EOS> <EOS> <EOS> <EOS> <EOS> <EOS> <EOS> <EOS> <EOS> <EOS> <EOS> <EOS>,1.0
502_em_24.bmp,medium,6 1 \leq x \leq 6 9,1 + 1 + 1 + 1 + 1 + 1 + 1 + 1 + 1 + 1 + 1 = 1 <EOS> <EOS> <EOS> <EOS> <EOS> <EOS> <EOS> <EOS> <EOS> <EOS> <EOS> <EOS> <EOS> <EOS> <EOS> <EOS> <EOS> <EOS> <EOS> <EOS> <EOS> <EOS> <EOS> <EOS> <EOS> <EOS> <EOS> <EOS> <EOS> <EOS> <EOS> <EOS> <EOS> <EOS> <EOS> <EOS> <EOS> <EOS> <EOS> <EOS> <EOS> <EOS> <EOS> <EOS> <EOS> <EOS> <EOS> <EOS> <EOS> <EOS> <EOS> <EOS> <EOS> <EOS> <EOS> <EOS> <EOS> <EOS> <EOS> <EOS> <EOS> <EOS> <EOS> <EOS> <EOS> <EOS> <EOS> <EOS> <EOS> <EOS> <EOS> <EOS> <EOS> <EOS> <EOS> <EOS> <EOS>,1.0
RIT_2014_136.bmp,complex,"F _ { 1 } , \ldots , F _ { k }",\sqrt { x } \sqrt { x } = \sqrt { x } <EOS> <EOS> <EOS> <EOS> <EOS> <EOS> <EOS> <EOS> <EOS> <EOS> <EOS> <EOS> <EOS> <EOS> <EOS> <EOS> <EOS> <EOS> <EOS> <EOS> <EOS> <EOS> <EOS> <EOS> <EOS> <EOS> <EOS> <EOS> <EOS> <EOS> <EOS> <EOS> <EOS> <EOS> <EOS> <EOS> <EOS> <EOS> <EOS> <EOS> <EOS> <EOS> <EOS> <EOS> <EOS> <EOS> <EOS> <EOS> <EOS> <EOS> <EOS> <EOS> <EOS> <EOS> <EOS> <EOS> <EOS> <EOS> <EOS> <EOS> <EOS> <EOS> <EOS> <EOS> <EOS> <EOS> <EOS> <EOS> <EOS> <EOS> <EOS> <EOS> <EOS> <EOS> <EOS> <EOS> <EOS> <EOS> <EOS> <EOS> <EOS> <EOS> <EOS> <EOS> <EOS> <EOS> <EOS>,1.0
519_em_443.bmp,complex,1 2 1 = 1 x 1 0 ^ { 2 } + 2 x 1 0 ^ { 1 } + 1 x 1 0 ^ { 0 } = 1 0 0 + 2 0 + 1,1 + 1 + 1 + 1 + 1 + 1 + 1 + 1 + 1 + 1 + 1 + 1 = 5 <EOS> <EOS> <EOS> <EOS> <EOS> <EOS> <EOS> <EOS> <EOS> <EOS> <EOS> <EOS> <EOS> <EOS> <EOS> <EOS> <EOS> <EOS> <EOS> <EOS> <EOS> <EOS> <EOS> <EOS> <EOS> <EOS> <EOS> <EOS> <EOS> <EOS> <EOS> <EOS> <EOS> <EOS> <EOS> <EOS> <EOS> <EOS> <EOS> <EOS> <EOS> <EOS> <EOS> <EOS> <EOS> <EOS> <EOS> <EOS> <EOS> <EOS> <EOS> <EOS> <EOS> <EOS> <EOS> <EOS> <EOS> <EOS> <EOS> <EOS> <EOS> <EOS> <EOS> <EOS> <EOS> <EOS> <EOS> <EOS> <EOS> <EOS> <EOS> <EOS> <EOS> <EOS> <EOS>,1.0
31_em_181.bmp,complex,\frac { a z ^ { - 1 } } { ( 1 - a z ^ { - 1 } ) ^ { 2 } },\frac { a ^ { 2 } - a \sqrt { a } } { a - 1 } <EOS> <EOS> <EOS> <EOS> <EOS> <EOS> <EOS> <EOS> <EOS> <EOS> <EOS> } <EOS> <EOS> <EOS> <EOS> <EOS> <EOS> <EOS> <EOS> <EOS> <EOS> <EOS> <EOS> <EOS> <EOS> <EOS> <EOS> <EOS> } <EOS> \frac { 1 } { q } <EOS> <EOS> <EOS> <EOS> <EOS> <EOS> <EOS> <EOS> <EOS> <EOS> <EOS> <EOS> } <EOS> \frac { q } { q } <EOS> <EOS> <EOS> <EOS> <EOS> <EOS> <EOS> <EOS> <EOS> <EOS> <EOS> <EOS> <EOS> <EOS> <EOS> <EOS> <EOS> <EOS> <EOS> <EOS> <EOS> <EOS>,1.0
RIT_2014_296.bmp,simple,\theta + e \alpha,1 - w <EOS> <EOS> <EOS> <EOS> <EOS> <EOS> <EOS> <EOS> <EOS> <EOS> <EOS> <EOS> <EOS> <EOS> <EOS> <EOS> <EOS> <EOS> <EOS> <EOS> <EOS> <EOS> <EOS> <EOS> <EOS> <EOS> <EOS> <EOS> <EOS> <EOS> <EOS> <EOS> <EOS> <EOS> <EOS> <EOS> <EOS> <EOS> <EOS> <EOS> <EOS> <EOS> <EOS> <EOS> <EOS> <EOS> <EOS> <EOS> <EOS> <EOS> <EOS> <EOS> <EOS> <EOS> <EOS> <EOS> <EOS> <EOS> <EOS> <EOS> <EOS> <EOS> <EOS> <EOS> <EOS> <EOS> <EOS> <EOS> <EOS> <EOS> <EOS> <EOS> <EOS> <EOS> <EOS> <EOS> <EOS> <EOS> <EOS> <EOS> <EOS> <EOS> <EOS> <EOS> <EOS> <EOS> <EOS> <EOS> <EOS> <EOS> <EOS> <EOS> <EOS> <EOS> <EOS> <EOS> <EOS>,1.0
20_em_35.bmp,simple,\mu \geq 0,x ^ { 2 } + x + 1 <EOS> x <EOS> <EOS> <EOS> <EOS> <EOS> <EOS> <EOS> <EOS> <EOS> <EOS> <EOS> <EOS> <EOS> <EOS> <EOS> <EOS> <EOS> <EOS> <EOS> <EOS> <EOS> <EOS> <EOS> <EOS> <EOS> <EOS> <EOS> <EOS> <EOS> <EOS> <EOS> <EOS> <EOS> <EOS> <EOS> <EOS> <EOS> <EOS> <EOS> <EOS> <EOS> <EOS> <EOS> <EOS> <EOS> <EOS> <EOS> <EOS> <EOS> <EOS> <EOS> <EOS> <EOS> <EOS> <EOS> <EOS> <EOS> <EOS> <EOS> <EOS> <EOS> <EOS> <EOS> <EOS> <EOS> <EOS> <EOS> <EOS> <EOS> <EOS> <EOS> <EOS> <EOS> <EOS> <EOS> <EOS> <EOS> <EOS> <EOS> <EOS> <EOS> <EOS> <EOS> <EOS> <EOS> <EOS> <EOS> <EOS> <EOS>,1.0
518_em_414.bmp,complex,\lim \limits _ { z \rightarrow z _ { 0 } } f ( z ) = f ( z _ { 0 } ),\int \frac { 1 } { x ^ { 2 } + x ^ { 2 } + x ^ { 2 } + 1 = 0 <EOS> 0 <EOS> 0 <EOS> 0 <EOS> 0 <EOS> 0 <EOS> 0 <EOS> 0 <EOS> 0 <EOS> 0 <EOS> 0 <EOS> 0 <EOS> 0 <EOS> 0 <EOS> 0 <EOS> 0 <EOS> 0 <EOS> 0 <EOS> 0 <EOS> 0 <EOS> 0 <EOS> 0 <EOS> 0 <EOS> 0 <EOS> 0 <EOS> 0 <EOS> 0 <EOS> 0 <EOS> <EOS> <EOS> <EOS> <EOS> <EOS> <EOS> 0 <EOS> 0 <EOS> 0 <EOS> 0 <EOS> 0 <EOS> 0 <EOS>,1.0
509_em_90.bmp,complex,\pm \sqrt { 6 },\sqrt { 3 8 } <EOS> <EOS> <EOS> <EOS> <EOS> <EOS> <EOS> <EOS> <EOS> <EOS> <EOS> <EOS> <EOS> <EOS> <EOS> <EOS> <EOS> <EOS> <EOS> <EOS> <EOS> <EOS> <EOS> <EOS> <EOS> <EOS> <EOS> <EOS> <EOS> <EOS> <EOS> <EOS> <EOS> <EOS> <EOS> <EOS> <EOS> <EOS> <EOS> <EOS> <EOS> <EOS> <EOS> <EOS> <EOS> <EOS> <EOS> <EOS> <EOS> <EOS> <EOS> <EOS> <EOS> <EOS> <EOS> <EOS> <EOS> <EOS> <EOS> <EOS> <EOS> <EOS> <EOS> <EOS> <EOS> <EOS> <EOS> <EOS> <EOS> <EOS> <EOS> <EOS> <EOS> <EOS> <EOS> <EOS> <EOS> <EOS> <EOS> <EOS> <EOS> <EOS> <EOS> <EOS> <EOS> <EOS> <EOS> <EOS> <EOS> <EOS> <EOS> <EOS> <EOS> <EOS> <EOS>,1.0
36_em_43.bmp,complex,"( x ^ { \prime } , t ^ { \prime } )",x ^ { 2 } + x + 1 <EOS> x <EOS> <EOS> <EOS> <EOS> <EOS> <EOS> <EOS> <EOS> <EOS> <EOS> <EOS> <EOS> <EOS> <EOS> <EOS> <EOS> <EOS> <EOS> <EOS> <EOS> <EOS> <EOS> <EOS> <EOS> <EOS> <EOS> <EOS> <EOS> <EOS> <EOS> <EOS> <EOS> <EOS> <EOS> <EOS> <EOS> <EOS> <EOS> <EOS> <EOS> <EOS> <EOS> <EOS> <EOS> <EOS> <EOS> <EOS> <EOS> <EOS> <EOS> <EOS> <EOS> <EOS> <EOS> <EOS> <EOS> <EOS> <EOS> <EOS> <EOS> <EOS> <EOS> <EOS> <EOS> <EOS> <EOS> <EOS> <EOS> <EOS> <EOS> <EOS> <EOS> <EOS> <EOS> <EOS> <EOS> <EOS> <EOS> <EOS> <EOS> <EOS> <EOS> <EOS> <EOS> <EOS> <EOS> <EOS> <EOS> <EOS>,1.0
18_em_1.bmp,complex,\sqrt { 4 8 },\sqrt { 3 8 } <EOS> <EOS> <EOS> <EOS> <EOS> <EOS> <EOS> <EOS> <EOS> <EOS> <EOS> <EOS> <EOS> <EOS> <EOS> <EOS> <EOS> <EOS> <EOS> <EOS> <EOS> <EOS> <EOS> <EOS> <EOS> <EOS> <EOS> <EOS> <EOS> <EOS> <EOS> <EOS> <EOS> <EOS> <EOS> <EOS> <EOS> <EOS> <EOS> <EOS> <EOS> <EOS> <EOS> <EOS> <EOS> <EOS> <EOS> <EOS> <EOS> <EOS> <EOS> <EOS> <EOS> <EOS> <EOS> <EOS> <EOS> <EOS> <EOS> <EOS> <EOS> <EOS> <EOS> <EOS> <EOS> <EOS> <EOS> <EOS> <EOS> <EOS> <EOS> <EOS> <EOS> <EOS> <EOS> <EOS> <EOS> <EOS> <EOS> <EOS> <EOS> <EOS> <EOS> <EOS> <EOS> <EOS> <EOS> <EOS> <EOS> <EOS> <EOS> <EOS> <EOS> <EOS> <EOS>,1.0
514_em_335.bmp,complex,\frac { \sqrt { 2 - \sqrt { 2 } } } { 2 },\frac { \sqrt { 2 - \sqrt { 2 } } } { 2 } <EOS> \sqrt { 2 } <EOS> <EOS> <EOS> <EOS> <EOS> <EOS> <EOS> <EOS> <EOS> <EOS> <EOS> <EOS> <EOS> <EOS> <EOS> <EOS> <EOS> <EOS> <EOS> <EOS> <EOS> <EOS> <EOS> <EOS> <EOS> <EOS> <EOS> <EOS> <EOS> <EOS> <EOS> <EOS> <EOS> <EOS> <EOS> <EOS> <EOS> <EOS> <EOS> <EOS> <EOS> <EOS> <EOS> <EOS> <EOS> <EOS> <EOS> <EOS> <EOS> <EOS> <EOS> <EOS> <EOS> <EOS> <EOS> <EOS> <EOS> <EOS> <EOS> <EOS> <EOS> <EOS> <EOS> <EOS> <EOS> <EOS> <EOS> <EOS> <EOS> <EOS> <EOS> <EOS> <EOS> <EOS> <EOS> <EOS> <EOS> <EOS> <EOS> <EOS>,1.0
RIT_2014_76.bmp,simple,t \rightarrow \infty,x - \pi ( x ) <EOS> <EOS> <EOS> <EOS> <EOS> <EOS> <EOS> <EOS> <EOS> <EOS> <EOS> <EOS> <EOS> <EOS> <EOS> <EOS> <EOS> <EOS> <EOS> <EOS> <EOS> <EOS> <EOS> <EOS> <EOS> <EOS> <EOS> <EOS> <EOS> <EOS> <EOS> <EOS> <EOS> <EOS> <EOS> <EOS> <EOS> <EOS> <EOS> <EOS> <EOS> <EOS> <EOS> <EOS> <EOS> <EOS> <EOS> <EOS> <EOS> <EOS> <EOS> <EOS> <EOS> <EOS> <EOS> <EOS> <EOS> <EOS> <EOS> <EOS> <EOS> <EOS> <EOS> <EOS> <EOS> <EOS> <EOS> <EOS> <EOS> <EOS> <EOS> <EOS> <EOS> <EOS> <EOS> <EOS> <EOS> <EOS> <EOS> <EOS> <EOS> <EOS> <EOS> <EOS> <EOS> <EOS> <EOS> <EOS> <EOS> <EOS> <EOS> <EOS> <EOS> <EOS>,1.0
RIT_2014_99.bmp,complex,\frac { 1 } { 9 },\frac { 1 } { 9 } <EOS> <EOS> <EOS> <EOS> <EOS> <EOS> <EOS> <EOS> <EOS> <EOS> <EOS> <EOS> <EOS> <EOS> <EOS> <EOS> <EOS> <EOS> <EOS> <EOS> <EOS> <EOS> <EOS> <EOS> <EOS> <EOS> <EOS> <EOS> <EOS> <EOS> <EOS> <EOS> <EOS> <EOS> <EOS> <EOS> <EOS> <EOS> <EOS> <EOS> <EOS> <EOS> <EOS> <EOS> <EOS> <EOS> <EOS> <EOS> <EOS> <EOS> <EOS> <EOS> <EOS> <EOS> <EOS> <EOS> <EOS> <EOS> <EOS> <EOS> <EOS> <EOS> <EOS> <EOS> <EOS> <EOS> <EOS> <EOS> <EOS> <EOS> <EOS> <EOS> <EOS> <EOS> <EOS> <EOS> <EOS> <EOS> <EOS> <EOS> <EOS> <EOS> <EOS> <EOS> <EOS> <EOS> <EOS> <EOS> <EOS> <EOS> <EOS> <EOS> <EOS>,1.0
37_em_14.bmp,complex,\lim \limits _ { x \rightarrow 0 } f ( x ) = 0,\int \frac { 1 } { x ^ { 2 } + x ^ { 2 } + x ^ { 2 } + 1 = 0 <EOS> 0 <EOS> 0 <EOS> 0 <EOS> 0 <EOS> 0 <EOS> 0 <EOS> 0 <EOS> 0 <EOS> 0 <EOS> 0 <EOS> 0 <EOS> 0 <EOS> 0 <EOS> 0 <EOS> 0 <EOS> 0 <EOS> 0 <EOS> 0 <EOS> 0 <EOS> 0 <EOS> 0 <EOS> 0 <EOS> <EOS> <EOS> <EOS> <EOS> <EOS> <EOS> <EOS> <EOS> <EOS> <EOS> <EOS> <EOS> <EOS> <EOS> <EOS> <EOS> <EOS> <EOS> <EOS> 0 <EOS> 0 <EOS> 0 <EOS> 0 <EOS> 0,1.0
RIT_2014_171.bmp,complex,\frac { ( ( j ) ) ( ( j ) + 1 ) } { 2 } + ( j + 1 ),\frac { 1 } { 2 } ( 1 - \frac { 1 } { 2 } ) ^ { 2 } = \frac { 1 } { 2 } <EOS> 1 <EOS> <EOS> <EOS> <EOS> <EOS> <EOS> <EOS> <EOS> <EOS> <EOS> <EOS> <EOS> <EOS> <EOS> <EOS> <EOS> <EOS> <EOS> <EOS> <EOS> <EOS> <EOS> <EOS> <EOS> <EOS> <EOS> <EOS> <EOS> <EOS> <EOS> <EOS> <EOS> <EOS> <EOS> <EOS> <EOS> <EOS> <EOS> <EOS> <EOS> <EOS> _ { 0 } <EOS> 1 _ { 1 } <EOS> _ { 2 } <EOS> _ { 0 } <EOS> _ { 3 } <EOS> 1,1.0
28_em_126.bmp,complex,\frac { \sum \limits _ { k = 1 } ^ { N } k ^ { 2 } } { a },\frac { 1 - p } { \sqrt { p q } } <EOS> <EOS> <EOS> <EOS> <EOS> <EOS> <EOS> <EOS> <EOS> <EOS> <EOS> <EOS> <EOS> <EOS> <EOS> <EOS> <EOS> <EOS> <EOS> <EOS> <EOS> <EOS> <EOS> <EOS> <EOS> <EOS> <EOS> <EOS> <EOS> <EOS> <EOS> <EOS> <EOS> <EOS> <EOS> <EOS> <EOS> <EOS> <EOS> <EOS> <EOS> <EOS> <EOS> <EOS> <EOS> <EOS> <EOS> <EOS> <EOS> <EOS> <EOS> } <EOS> <EOS> <EOS> <EOS> <EOS> <EOS> <EOS> <EOS> } <EOS> <EOS> <EOS> <EOS> <EOS> <EOS> <EOS> <EOS> <EOS> <EOS> <EOS> <EOS> <EOS> <EOS> } <EOS> <EOS> <EOS> <EOS> <EOS> <EOS> <EOS> <EOS> <EOS> } <EOS>,1.0
28_em_145.bmp,complex,f ( x ) = \frac { \infty } { \infty },x ^ { 2 } - x ^ { 2 } - y ^ { 2 } = x ^ { 2 } <EOS> x + 1 <EOS> x <EOS> <EOS> <EOS> <EOS> <EOS> <EOS> <EOS> <EOS> <EOS> <EOS> <EOS> <EOS> <EOS> <EOS> <EOS> <EOS> <EOS> <EOS> <EOS> <EOS> <EOS> <EOS> <EOS> <EOS> <EOS> <EOS> <EOS> <EOS> <EOS> <EOS> <EOS> <EOS> <EOS> <EOS> <EOS> <EOS> <EOS> <EOS> <EOS> <EOS> <EOS> <EOS> <EOS> <EOS> <EOS> <EOS> <EOS> <EOS> <EOS> <EOS> <EOS> <EOS> <EOS> <EOS> <EOS> <EOS> <EOS> <EOS> <EOS> <EOS> <EOS> <EOS> <EOS> <EOS> <EOS> <EOS> <EOS> <EOS> <EOS> <EOS> <EOS>,1.0
29_em_164.bmp,simple,\cos \pi z,x - \pi ( x ) <EOS> <EOS> <EOS> <EOS> <EOS> <EOS> <EOS> <EOS> <EOS> <EOS> <EOS> <EOS> <EOS> <EOS> <EOS> <EOS> <EOS> <EOS> <EOS> <EOS> <EOS> <EOS> <EOS> <EOS> <EOS> <EOS> <EOS> <EOS> <EOS> <EOS> <EOS> <EOS> <EOS> <EOS> <EOS> <EOS> <EOS> <EOS> <EOS> <EOS> <EOS> <EOS> <EOS> <EOS> <EOS> <EOS> <EOS> <EOS> <EOS> <EOS> <EOS> <EOS> <EOS> <EOS> <EOS> <EOS> <EOS> <EOS> <EOS> <EOS> <EOS> <EOS> <EOS> <EOS> <EOS> <EOS> <EOS> <EOS> <EOS> <EOS> <EOS> <EOS> <EOS> <EOS> <EOS> <EOS> <EOS> <EOS> <EOS> <EOS> <EOS> <EOS> <EOS> <EOS> <EOS> <EOS> <EOS> <EOS> <EOS> <EOS> <EOS> <EOS> <EOS> <EOS>,1.0
20_em_29.bmp,medium,"( - \infty , \infty )",1 - 1 + 1 + 1 + 1 + 1 + 1 = 5 <EOS> <EOS> <EOS> <EOS> <EOS> <EOS> <EOS> <EOS> <EOS> <EOS> <EOS> <EOS> <EOS> <EOS> <EOS> <EOS> <EOS> <EOS> <EOS> <EOS> <EOS> <EOS> <EOS> <EOS> <EOS> <EOS> <EOS> <EOS> <EOS> <EOS> <EOS> <EOS> <EOS> <EOS> <EOS> <EOS> <EOS> <EOS> <EOS> <EOS> <EOS> <EOS> <EOS> <EOS> <EOS> <EOS> <EOS> <EOS> <EOS> <EOS> <EOS> <EOS> <EOS> <EOS> <EOS> <EOS> <EOS> <EOS> <EOS> <EOS> <EOS> <EOS> <EOS> <EOS> <EOS> <EOS> <EOS> <EOS> <EOS> <EOS> <EOS> <EOS> <EOS> <EOS> <EOS> <EOS> <EOS> <EOS> <EOS> <EOS> <EOS> <EOS> <EOS> <EOS> <EOS>,1.0
519_em_458.bmp,complex,\frac { a c + b } { c },\frac { 1 - 2 p } { 1 - p } <EOS> \frac { \alpha } { \alpha } <EOS> <EOS> <EOS> <EOS> <EOS> <EOS> <EOS> <EOS> <EOS> <EOS> <EOS> <EOS> <EOS> <EOS> <EOS> <EOS> <EOS> <EOS> <EOS> <EOS> <EOS> <EOS> <EOS> <EOS> <EOS> <EOS> <EOS> <EOS> <EOS> <EOS> <EOS> <EOS> <EOS> <EOS> <EOS> <EOS> <EOS> } <EOS> <EOS> <EOS> <EOS> <EOS> <EOS> <EOS> <EOS> <EOS> <EOS> <EOS> <EOS> <EOS> } <EOS> <EOS> <EOS> <EOS> <EOS> <EOS> <EOS> <EOS> } <EOS> <EOS> <EOS> <EOS> <EOS> <EOS> <EOS> <EOS> } <EOS> <EOS> <EOS> <EOS> <EOS> <EOS> <EOS> <EOS> <EOS> <EOS>,1.0
512_em_277.bmp,complex,a b ^ { 2 } + a ( b - c ) - b c ^ { 2 },( a + b ) u = a u + b v <EOS> <EOS> <EOS> <EOS> <EOS> <EOS> <EOS> <EOS> <EOS> <EOS> <EOS> <EOS> <EOS> <EOS> <EOS> <EOS> <EOS> <EOS> <EOS> <EOS> <EOS> <EOS> <EOS> <EOS> <EOS> <EOS> <EOS> <EOS> <EOS> <EOS> <EOS> <EOS> <EOS> <EOS> <EOS> <EOS> <EOS> <EOS> <EOS> <EOS> <EOS> <EOS> <EOS> <EOS> <EOS> <EOS> <EOS> <EOS> <EOS> <EOS> <EOS> <EOS> <EOS> <EOS> <EOS> <EOS> <EOS> <EOS> <EOS> <EOS> <EOS> <EOS> <EOS> _ { 1 } <EOS> _ { 2 } <EOS> <EOS> <EOS> <EOS> <EOS> <EOS> <EOS> <EOS> <EOS> <EOS> <EOS> _ { 0 } <EOS>,1.0
32_em_213.bmp,complex,\sqrt { a } \times \sqrt { b } = \sqrt { a b },\sqrt { a } \sqrt { b } = \sqrt { a } \sqrt { b } <EOS> <EOS> <EOS> <EOS> <EOS> <EOS> <EOS> <EOS> <EOS> <EOS> <EOS> <EOS> <EOS> <EOS> <EOS> <EOS> <EOS> <EOS> <EOS> <EOS> <EOS> <EOS> <EOS> <EOS> <EOS> <EOS> <EOS> <EOS> <EOS> <EOS> <EOS> <EOS> <EOS> <EOS> <EOS> <EOS> <EOS> <EOS> <EOS> <EOS> <EOS> <EOS> <EOS> <EOS> <EOS> <EOS> <EOS> <EOS> <EOS> <EOS> <EOS> <EOS> <EOS> <EOS> <EOS> <EOS> <EOS> <EOS> <EOS> <EOS> <EOS> <EOS> <EOS> <EOS> <EOS> <EOS> <EOS> <EOS> <EOS> <EOS> <EOS> <EOS> <EOS> <EOS> <EOS> <EOS> <EOS> <EOS> <EOS> <EOS> <EOS> <EOS> <EOS>,1.0
RIT_2014_162.bmp,complex,\frac { \sum \limits _ { i = 0 } ^ { m } b ^ { i } s ^ { i } } { \sum \limits _ { i = 0 } ^ { n } a ^ { i } s ^ { i } },\frac { 1 - p } { \sqrt { p ^ { p } } } <EOS> \sqrt { \frac { 1 } { q } } <EOS> \frac { \sqrt { 1 - p } } { \sqrt { p ^ { p } } <EOS> \sqrt { p ^ { p } } <EOS> \sqrt { \frac { 1 } { q } } <EOS> \frac { \sqrt { c } } { \sqrt { 2 ^ { 2 } } \frac { 1 } { s ^ { s } } + \frac { \sqrt { 3,1.0
RIT_2014_220.bmp,complex,x ^ { n - 1 } + x ^ { n - 2 } + \ldots + x ^ { 2 } + x + 1,x ^ { 2 } + x ^ { 2 } + x + 1 <EOS> x ^ { 2 } + x + 1 <EOS> x <EOS> <EOS> <EOS> <EOS> <EOS> <EOS> <EOS> <EOS> <EOS> <EOS> <EOS> <EOS> <EOS> <EOS> <EOS> <EOS> <EOS> <EOS> <EOS> <EOS> <EOS> <EOS> <EOS> <EOS> <EOS> <EOS> <EOS> <EOS> <EOS> <EOS> <EOS> <EOS> <EOS> <EOS> <EOS> <EOS> <EOS> <EOS> <EOS> <EOS> <EOS> <EOS> <EOS> <EOS> <EOS> <EOS> <EOS> <EOS> <EOS> <EOS> <EOS> <EOS> <EOS> <EOS> <EOS> <EOS> <EOS> <EOS> <EOS> <EOS> <EOS> <EOS> <EOS> <EOS> <EOS> <EOS> <EOS> <EOS> <EOS> <EOS> <EOS> <EOS> <EOS>,1.0
31_em_191.bmp,complex,\sum \limits _ { j = 1 } ^ { m } a _ { j } e _ { j },\frac { 1 } { 3 } + \frac { 1 } { 3 } = \frac { 1 } { 3 } <EOS> \frac { 1 } { 3 } <EOS> \frac { 1 } { 3 } <EOS> 1 <EOS> <EOS> <EOS> <EOS> <EOS> <EOS> <EOS> <EOS> <EOS> <EOS> <EOS> <EOS> <EOS> <EOS> <EOS> <EOS> <EOS> <EOS> <EOS> <EOS> <EOS> <EOS> <EOS> <EOS> <EOS> <EOS> <EOS> <EOS> <EOS> <EOS> <EOS> <EOS> <EOS> <EOS> <EOS> <EOS> <EOS> <EOS> <EOS> <EOS> <EOS> <EOS> <EOS> <EOS> <EOS> <EOS> <EOS> <EOS> <EOS> <EOS> <EOS> <EOS> <EOS> <EOS> <EOS> <EOS> <EOS> <EOS> <EOS>,1.0
RIT_2014_261.bmp,simple,d \neq 0,x - 8 <EOS> <EOS> <EOS> <EOS> <EOS> <EOS> <EOS> <EOS> <EOS> <EOS> <EOS> <EOS> <EOS> <EOS> <EOS> <EOS> <EOS> <EOS> <EOS> <EOS> <EOS> <EOS> <EOS> <EOS> <EOS> <EOS> <EOS> <EOS> <EOS> <EOS> <EOS> <EOS> <EOS> <EOS> <EOS> <EOS> <EOS> <EOS> <EOS> <EOS> <EOS> <EOS> <EOS> <EOS> <EOS> <EOS> <EOS> <EOS> <EOS> <EOS> <EOS> <EOS> <EOS> <EOS> <EOS> <EOS> <EOS> <EOS> <EOS> <EOS> <EOS> <EOS> <EOS> <EOS> <EOS> <EOS> <EOS> <EOS> <EOS> <EOS> <EOS> <EOS> <EOS> <EOS> <EOS> <EOS> <EOS> <EOS> <EOS> <EOS> <EOS> <EOS> <EOS> <EOS> <EOS> <EOS> <EOS> <EOS> <EOS> <EOS> <EOS> <EOS> <EOS> <EOS> <EOS> <EOS> <EOS>,1.0
29_em_158.bmp,complex,\alpha ^ { 4 } + \alpha ^ { 6 } + \alpha ^ { 7 } + \alpha ^ { 9 },x ^ { 2 } + x ^ { 2 } + x ^ { 2 } + x ^ { 2 } + x ^ { 2 } + x ^ { 2 } + x + 1 <EOS> x <EOS> x ^ { 2 } + 1 <EOS> x + 1 <EOS> x <EOS> <EOS> <EOS> <EOS> <EOS> <EOS> <EOS> <EOS> <EOS> <EOS> <EOS> <EOS> <EOS> <EOS> <EOS> <EOS> <EOS> <EOS> <EOS> <EOS> <EOS> <EOS> <EOS> <EOS> <EOS> <EOS> <EOS> <EOS> <EOS> <EOS> <EOS> <EOS> <EOS> <EOS> <EOS> <EOS> <EOS> <EOS> <EOS> <EOS> <EOS> <EOS> <EOS> <EOS> <EOS>,1.0
503_em_29.bmp,simple,\sin \phi + c,x _ { L L } \leq x _ { L } <EOS> <EOS> <EOS> <EOS> <EOS> <EOS> <EOS> <EOS> <EOS> <EOS> <EOS> <EOS> <EOS> <EOS> <EOS> <EOS> <EOS> <EOS> <EOS> <EOS> <EOS> <EOS> <EOS> <EOS> <EOS> <EOS> <EOS> <EOS> <EOS> <EOS> <EOS> <EOS> <EOS> <EOS> <EOS> <EOS> <EOS> <EOS> <EOS> <EOS> <EOS> <EOS> <EOS> <EOS> <EOS> <EOS> <EOS> <EOS> <EOS> <EOS> <EOS> <EOS> <EOS> <EOS> <EOS> <EOS> <EOS> <EOS> <EOS> <EOS> <EOS> <EOS> <EOS> <EOS> <EOS> <EOS> <EOS> <EOS> <EOS> <EOS> <EOS> <EOS> <EOS> <EOS> <EOS> <EOS> <EOS> <EOS> <EOS> <EOS> <EOS> <EOS> <EOS> <EOS> <EOS> <EOS> <EOS> <EOS>,1.0
31_em_198.bmp,complex,\lim \limits _ { x \rightarrow - \infty } p _ { 2 } ( x ) > 0,x ^ { 2 } + x + 1 <EOS> x + 1 <EOS> x <EOS> <EOS> <EOS> <EOS> <EOS> <EOS> <EOS> <EOS> <EOS> <EOS> <EOS> <EOS> <EOS> <EOS> <EOS> <EOS> <EOS> <EOS> <EOS> <EOS> <EOS> <EOS> <EOS> <EOS> <EOS> <EOS> <EOS> <EOS> <EOS> <EOS> <EOS> <EOS> <EOS> <EOS> <EOS> <EOS> <EOS> <EOS> <EOS> <EOS> <EOS> <EOS> <EOS> <EOS> <EOS> <EOS> <EOS> <EOS> <EOS> <EOS> <EOS> 0 <EOS> 0 <EOS> 0 <EOS> 0 <EOS> 0 <EOS> 0 <EOS> 0 <EOS> 0 <EOS> 0 <EOS> 0 <EOS> 0 <EOS> 0 <EOS> 0 <EOS> 0 <EOS> 0 <EOS> 0 <EOS> 0 <EOS>,1.0
513_em_304.bmp,medium,\pi d = 2 \pi r,x ^ { 2 } + x + 1 <EOS> x <EOS> <EOS> <EOS> <EOS> <EOS> <EOS> <EOS> <EOS> <EOS> <EOS> <EOS> <EOS> <EOS> <EOS> <EOS> <EOS> <EOS> <EOS> <EOS> <EOS> <EOS> <EOS> <EOS> <EOS> <EOS> <EOS> <EOS> <EOS> <EOS> <EOS> <EOS> <EOS> <EOS> <EOS> <EOS> <EOS> <EOS> <EOS> <EOS> <EOS> <EOS> <EOS> <EOS> <EOS> <EOS> <EOS> <EOS> <EOS> <EOS> <EOS> <EOS> <EOS> <EOS> <EOS> <EOS> <EOS> <EOS> <EOS> <EOS> <EOS> <EOS> <EOS> <EOS> <EOS> <EOS> <EOS> <EOS> <EOS> <EOS> <EOS> <EOS> <EOS> <EOS> <EOS> <EOS> <EOS> <EOS> <EOS> <EOS> <EOS> <EOS> <EOS> <EOS> <EOS> <EOS> <EOS> <EOS> <EOS> <EOS>,1.0
RIT_2014_43.bmp,complex,z ^ { d } + z = z,\int \frac { 1 } { x } \sqrt { \frac { 1 } { x } d x <EOS> x <EOS> <EOS> <EOS> <EOS> <EOS> <EOS> <EOS> <EOS> <EOS> <EOS> <EOS> <EOS> <EOS> <EOS> <EOS> <EOS> <EOS> <EOS> <EOS> <EOS> <EOS> <EOS> <EOS> <EOS> <EOS> <EOS> <EOS> <EOS> <EOS> <EOS> <EOS> <EOS> <EOS> <EOS> <EOS> <EOS> <EOS> <EOS> <EOS> <EOS> <EOS> <EOS> <EOS> <EOS> <EOS> <EOS> <EOS> <EOS> <EOS> <EOS> <EOS> <EOS> <EOS> <EOS> <EOS> <EOS> <EOS> <EOS> <EOS> <EOS> <EOS> <EOS> <EOS> <EOS> <EOS> <EOS> <EOS> <EOS> <EOS> <EOS> <EOS> <EOS> <EOS> <EOS> <EOS> <EOS> <EOS> <EOS> <EOS>,1.0
RIT_2014_301.bmp,complex,1 + 1 = 2 [ \frac { 1 ( 1 + 1 ) } { 2 } ] ^ { 9 } = 2,x ^ { 2 } ( x - x ^ { 2 } y + x y + 4 y ^ { 2 } <EOS> x + 1 ) <EOS> <EOS> <EOS> <EOS> <EOS> <EOS> <EOS> <EOS> <EOS> <EOS> <EOS> <EOS> <EOS> <EOS> <EOS> <EOS> <EOS> <EOS> <EOS> <EOS> <EOS> <EOS> <EOS> <EOS> <EOS> <EOS> <EOS> <EOS> <EOS> <EOS> <EOS> <EOS> <EOS> <EOS> <EOS> <EOS> <EOS> <EOS> <EOS> <EOS> <EOS> <EOS> <EOS> <EOS> <EOS> <EOS> <EOS> <EOS> <EOS> <EOS> <EOS> <EOS> <EOS> <EOS> <EOS> <EOS> <EOS> <EOS> <EOS> <EOS> <EOS> <EOS> <EOS> <EOS> <EOS> <EOS> <EOS> <EOS> <EOS> <EOS> <EOS>,1.0
31_em_190.bmp,complex,\frac { 1 } { 2 5 } y ^ { 2 } - \frac { 8 } { 2 5 } y,r \rightarrow \infty <EOS> <EOS> <EOS> <EOS> <EOS> <EOS> <EOS> <EOS> <EOS> <EOS> <EOS> <EOS> <EOS> <EOS> <EOS> <EOS> <EOS> <EOS> <EOS> <EOS> <EOS> <EOS> <EOS> <EOS> <EOS> <EOS> <EOS> <EOS> <EOS> <EOS> <EOS> <EOS> <EOS> <EOS> <EOS> <EOS> <EOS> <EOS> <EOS> <EOS> <EOS> <EOS> <EOS> <EOS> <EOS> <EOS> <EOS> <EOS> <EOS> <EOS> <EOS> <EOS> <EOS> <EOS> <EOS> <EOS> <EOS> <EOS> <EOS> <EOS> <EOS> <EOS> <EOS> <EOS> <EOS> <EOS> <EOS> <EOS> <EOS> <EOS> <EOS> <EOS> <EOS> <EOS> <EOS> <EOS> <EOS> <EOS> <EOS> <EOS> <EOS> <EOS> <EOS> <EOS> <EOS> <EOS> <EOS> <EOS> <EOS> <EOS> <EOS> <EOS> <EOS> <EOS> <EOS> <EOS> <EOS>,1.0
511_em_273.bmp,simple,x = \beta,1 - w <EOS> <EOS> <EOS> <EOS> <EOS> <EOS> <EOS> <EOS> <EOS> <EOS> <EOS> <EOS> <EOS> <EOS> <EOS> <EOS> <EOS> <EOS> <EOS> <EOS> <EOS> <EOS> <EOS> <EOS> <EOS> <EOS> <EOS> <EOS> <EOS> <EOS> <EOS> <EOS> <EOS> <EOS> <EOS> <EOS> <EOS> <EOS> <EOS> <EOS> <EOS> <EOS> <EOS> <EOS> <EOS> <EOS> <EOS> <EOS> <EOS> <EOS> <EOS> <EOS> <EOS> <EOS> <EOS> <EOS> <EOS> <EOS> <EOS> <EOS> <EOS> <EOS> <EOS> <EOS> <EOS> <EOS> <EOS> <EOS> <EOS> <EOS> <EOS> <EOS> <EOS> <EOS> <EOS> <EOS> <EOS> <EOS> <EOS> <EOS> <EOS> <EOS> <EOS> <EOS> <EOS> <EOS> <EOS> <EOS> <EOS> <EOS> <EOS> <EOS> <EOS> <EOS> <EOS> <EOS> <EOS>,1.0
31_em_192.bmp,complex,\int \limits _ { a } ^ { x } f ( x ) d x,\int I d t <EOS> <EOS> <EOS> <EOS> <EOS> <EOS> <EOS> <EOS> <EOS> <EOS> <EOS> <EOS> <EOS> <EOS> <EOS> <EOS> <EOS> <EOS> <EOS> <EOS> <EOS> <EOS> <EOS> <EOS> <EOS> <EOS> <EOS> <EOS> <EOS> <EOS> <EOS> <EOS> <EOS> <EOS> <EOS> <EOS> <EOS> <EOS> <EOS> <EOS> <EOS> <EOS> <EOS> <EOS> <EOS> <EOS> <EOS> <EOS> <EOS> <EOS> <EOS> <EOS> <EOS> <EOS> <EOS> <EOS> <EOS> <EOS> <EOS> <EOS> <EOS> <EOS> <EOS> <EOS> <EOS> <EOS> <EOS> <EOS> <EOS> <EOS> <EOS> <EOS> <EOS> <EOS> <EOS> <EOS> <EOS> <EOS> <EOS> <EOS> <EOS> <EOS> <EOS> <EOS> <EOS> <EOS> <EOS> <EOS> <EOS> <EOS> <EOS> <EOS> <EOS> <EOS> <EOS> <EOS>,1.0
18_em_0.bmp,complex,x _ { k } x x _ { k } + y _ { k } y x _ { k },x - \pi ( x ) <EOS> <EOS> <EOS> <EOS> <EOS> <EOS> <EOS> <EOS> <EOS> <EOS> <EOS> <EOS> <EOS> <EOS> <EOS> <EOS> <EOS> <EOS> <EOS> <EOS> <EOS> <EOS> <EOS> <EOS> <EOS> <EOS> <EOS> <EOS> <EOS> <EOS> <EOS> <EOS> <EOS> <EOS> <EOS> <EOS> _ { 0 } <EOS> 1 _ { 0 } + \ldots + C _ { n } <EOS> _ { m } <EOS> <EOS> _ { m } <EOS> <EOS> _ { m } <EOS> <EOS> _ { m } <EOS> <EOS> _ { m } <EOS> <EOS> _ { m } <EOS> <EOS> _ { m,1.0
514_em_333.bmp,complex,\beta _ { n + 1 },x - \pi <EOS> <EOS> <EOS> <EOS> <EOS> <EOS> <EOS> <EOS> <EOS> <EOS> <EOS> <EOS> <EOS> <EOS> <EOS> <EOS> <EOS> <EOS> <EOS> <EOS> <EOS> <EOS> <EOS> <EOS> <EOS> <EOS> <EOS> <EOS> <EOS> <EOS> <EOS> <EOS> <EOS> <EOS> <EOS> <EOS> <EOS> <EOS> <EOS> <EOS> <EOS> <EOS> <EOS> <EOS> <EOS> <EOS> <EOS> <EOS> <EOS> <EOS> <EOS> <EOS> <EOS> <EOS> <EOS> <EOS> <EOS> <EOS> <EOS> <EOS> <EOS> <EOS> <EOS> <EOS> <EOS> <EOS> <EOS> <EOS> <EOS> <EOS> <EOS> <EOS> <EOS> <EOS> <EOS> <EOS> <EOS> <EOS> <EOS> <EOS> <EOS> <EOS> <EOS> <EOS> <EOS> <EOS> <EOS> <EOS> <EOS> <EOS> <EOS> <EOS> <EOS> <EOS> <EOS> <EOS> <EOS>,1.0
519_em_440.bmp,complex,\frac { 8 9 9 3 } { 7 8 7 3 },\frac { \sqrt { 2 - \sqrt { 2 } } } { 2 \sqrt { 2 } } <EOS> <EOS> <EOS> <EOS> <EOS> <EOS> <EOS> <EOS> <EOS> <EOS> 0 } <EOS> <EOS> <EOS> <EOS> <EOS> <EOS> <EOS> <EOS> <EOS> <EOS> <EOS> <EOS> <EOS> <EOS> <EOS> <EOS> <EOS> <EOS> <EOS> <EOS> <EOS> <EOS> 0 0 0 0 0 0 0 <EOS> 0 } <EOS> 1 <EOS> 5 0 0 <EOS> 0 <EOS> 0 <EOS> 0 <EOS> 0 } <EOS> 1 <EOS> <EOS> 0 0 <EOS> 0 <EOS> 0 <EOS> 0 <EOS> 0 <EOS> 0 <EOS> 0 <EOS> 0 <EOS> 0,1.0
516_em_378.bmp,simple,5 j + 3 j,x ^ { 2 } + x + 1 <EOS> x <EOS> <EOS> <EOS> <EOS> <EOS> <EOS> <EOS> <EOS> <EOS> <EOS> <EOS> <EOS> <EOS> <EOS> <EOS> <EOS> <EOS> <EOS> <EOS> <EOS> <EOS> <EOS> <EOS> <EOS> <EOS> <EOS> <EOS> <EOS> <EOS> <EOS> <EOS> <EOS> <EOS> <EOS> <EOS> <EOS> <EOS> <EOS> <EOS> <EOS> <EOS> <EOS> <EOS> <EOS> <EOS> <EOS> <EOS> <EOS> <EOS> <EOS> <EOS> <EOS> <EOS> <EOS> <EOS> <EOS> <EOS> <EOS> <EOS> <EOS> <EOS> <EOS> <EOS> <EOS> <EOS> <EOS> <EOS> <EOS> <EOS> <EOS> <EOS> <EOS> <EOS> <EOS> <EOS> <EOS> <EOS> <EOS> <EOS> <EOS> <EOS> <EOS> <EOS> <EOS> <EOS> <EOS> <EOS> <EOS> <EOS>,1.0
516_em_383.bmp,simple,r ( x ),1 2 <EOS> <EOS> <EOS> <EOS> <EOS> <EOS> <EOS> <EOS> <EOS> <EOS> <EOS> <EOS> <EOS> <EOS> <EOS> <EOS> <EOS> <EOS> <EOS> <EOS> <EOS> <EOS> <EOS> <EOS> <EOS> <EOS> <EOS> <EOS> <EOS> <EOS> <EOS> <EOS> <EOS> <EOS> <EOS> <EOS> <EOS> <EOS> <EOS> <EOS> <EOS> <EOS> <EOS> <EOS> <EOS> <EOS> <EOS> <EOS> <EOS> <EOS> <EOS> <EOS> <EOS> <EOS> <EOS> <EOS> <EOS> <EOS> <EOS> <EOS> <EOS> <EOS> <EOS> <EOS> <EOS> <EOS> <EOS> <EOS> <EOS> <EOS> <EOS> <EOS> <EOS> <EOS> <EOS> <EOS> <EOS> <EOS> <EOS> <EOS> <EOS> <EOS> <EOS> <EOS> <EOS> <EOS> <EOS> <EOS> <EOS> <EOS> <EOS> <EOS> <EOS> <EOS> <EOS> <EOS> <EOS> <EOS>,1.0
RIT_2014_264.bmp,complex,\frac { 3 8 \sqrt { 9 x - 3 8 } } { 9 } + C,\frac { 1 } { 3 } \sqrt { 3 } \sqrt { 3 } <EOS> 1 3 3 3 3 3 3 3 3 3 3 3 3 3 3 3 3 3 3 3 3 3 3 3 3 3 3 3 3 3 3 3 3 3 3 3 3 3 3 3 3 3 3 3 3 3 3 3 3 3 3 3 3 3 3 3 3 3 3 3 3 3 3 3 3 3 3 3 3 3 3 3 3 3 3 3 3 3 3 3 3 3 3 3,1.0
20_em_45.bmp,complex,\sqrt { C _ { n } },\sqrt [ 3 ] { x ^ { 2 } } <EOS> <EOS> <EOS> <EOS> <EOS> <EOS> <EOS> <EOS> <EOS> <EOS> <EOS> <EOS> <EOS> <EOS> <EOS> <EOS> <EOS> <EOS> <EOS> <EOS> <EOS> <EOS> <EOS> <EOS> <EOS> <EOS> <EOS> <EOS> <EOS> <EOS> <EOS> <EOS> <EOS> <EOS> <EOS> <EOS> <EOS> <EOS> <EOS> <EOS> <EOS> <EOS> <EOS> <EOS> <EOS> <EOS> <EOS> <EOS> <EOS> <EOS> <EOS> <EOS> <EOS> <EOS> <EOS> <EOS> <EOS> <EOS> <EOS> <EOS> <EOS> <EOS> <EOS> <EOS> <EOS> <EOS> <EOS> <EOS> <EOS> <EOS> <EOS> <EOS> <EOS> <EOS> <EOS> <EOS> <EOS> <EOS> <EOS> <EOS> <EOS> <EOS> <EOS> <EOS> <EOS> <EOS> <EOS> <EOS> <EOS>,1.0
34_em_247.bmp,complex,( \sum \limits _ { k = 1 } ^ { n } a _ { k } ) ^ { \frac { 1 } { 2 } } \leq \sum \limits _ { k = 1 } ^ { n } a _ { k } ^ { \frac { 1 } { 2 } },x ^ { 2 } - x y + x y - y ^ { 2 } = x ^ { 2 } - x y - x y - x y <EOS> x <EOS> x <EOS> <EOS> <EOS> <EOS> <EOS> <EOS> <EOS> <EOS> <EOS> <EOS> <EOS> <EOS> <EOS> <EOS> <EOS> <EOS> <EOS> <EOS> <EOS> <EOS> <EOS> <EOS> <EOS> <EOS> <EOS> <EOS> <EOS> <EOS> <EOS> <EOS> <EOS> <EOS> <EOS> <EOS> <EOS> <EOS> <EOS> <EOS> <EOS> <EOS> <EOS> <EOS> <EOS> <EOS> <EOS> <EOS> <EOS> <EOS> <EOS> <EOS> <EOS> <EOS> <EOS> <EOS> <EOS> <EOS> <EOS> <EOS> <EOS> <EOS> <EOS> <EOS> <EOS> <EOS>,1.0
26_em_75.bmp,complex,1 - 2 a + b - 2 a b = 1 - 2 b + a - 2 a b,1 - 1 + 1 + 1 + 1 + 1 + 1 + 1 + 1 + 1 + 1 + 1 = 5 <EOS> <EOS> <EOS> <EOS> <EOS> <EOS> <EOS> <EOS> <EOS> <EOS> <EOS> <EOS> <EOS> <EOS> <EOS> <EOS> <EOS> <EOS> <EOS> <EOS> <EOS> <EOS> <EOS> <EOS> <EOS> <EOS> <EOS> <EOS> <EOS> <EOS> <EOS> <EOS> <EOS> <EOS> <EOS> <EOS> <EOS> <EOS> <EOS> <EOS> <EOS> <EOS> <EOS> <EOS> <EOS> <EOS> <EOS> <EOS> <EOS> <EOS> <EOS> <EOS> <EOS> <EOS> <EOS> <EOS> <EOS> <EOS> <EOS> <EOS> <EOS> <EOS> <EOS> <EOS> <EOS> <EOS> <EOS> <EOS> <EOS> <EOS> <EOS> <EOS> <EOS> <EOS> <EOS>,1.0
520_em_466.bmp,complex,\lambda ( t ) = \lambda _ { 0 } ( 1 - e ^ { - \frac { t } { \lambda } } ),x ^ { 2 } + x + 1 <EOS> x + 1 <EOS> x <EOS> <EOS> <EOS> <EOS> <EOS> <EOS> <EOS> <EOS> <EOS> <EOS> <EOS> <EOS> <EOS> <EOS> <EOS> <EOS> <EOS> <EOS> <EOS> <EOS> <EOS> <EOS> <EOS> <EOS> <EOS> <EOS> <EOS> <EOS> <EOS> <EOS> <EOS> <EOS> <EOS> <EOS> <EOS> <EOS> <EOS> <EOS> <EOS> <EOS> <EOS> <EOS> <EOS> <EOS> <EOS> <EOS> <EOS> <EOS> <EOS> <EOS> <EOS> <EOS> <EOS> <EOS> <EOS> <EOS> <EOS> <EOS> <EOS> <EOS> <EOS> <EOS> <EOS> <EOS> <EOS> <EOS> <EOS> <EOS> <EOS> <EOS> <EOS> <EOS> <EOS> <EOS> <EOS> <EOS> <EOS> <EOS> <EOS> <EOS> <EOS> <EOS> <EOS> <EOS> <EOS>,1.0
RIT_2014_7.bmp,complex,\frac { 4 x ^ { 3 } } { 3 } + \frac { 1 1 x ^ { 4 } } { 4 } + C,\frac { 1 } { 2 } \div \frac { 1 } { 3 } <EOS> \frac { 1 } { 4 } <EOS> 1 <EOS> <EOS> <EOS> <EOS> <EOS> <EOS> <EOS> <EOS> <EOS> <EOS> <EOS> <EOS> <EOS> <EOS> <EOS> <EOS> <EOS> <EOS> <EOS> <EOS> <EOS> <EOS> <EOS> <EOS> <EOS> <EOS> <EOS> <EOS> <EOS> <EOS> <EOS> <EOS> <EOS> <EOS> <EOS> <EOS> <EOS> <EOS> <EOS> <EOS> <EOS> <EOS> <EOS> <EOS> <EOS> <EOS> <EOS> <EOS> <EOS> <EOS> <EOS> <EOS> <EOS> <EOS> <EOS> <EOS> <EOS> <EOS> <EOS> <EOS> <EOS> <EOS> <EOS> <EOS> <EOS> <EOS> <EOS> <EOS> <EOS> <EOS> <EOS> <EOS> <EOS> <EOS> <EOS>,1.0
RIT_2014_61.bmp,medium,0 . 0 8 7 8,1 0 0 0 0 0 0 0 <EOS> <EOS> <EOS> <EOS> <EOS> <EOS> <EOS> <EOS> <EOS> <EOS> <EOS> <EOS> <EOS> <EOS> <EOS> <EOS> <EOS> <EOS> <EOS> <EOS> <EOS> <EOS> <EOS> <EOS> <EOS> <EOS> <EOS> <EOS> <EOS> <EOS> <EOS> <EOS> <EOS> <EOS> <EOS> <EOS> <EOS> <EOS> <EOS> <EOS> <EOS> <EOS> <EOS> <EOS> <EOS> <EOS> <EOS> <EOS> <EOS> <EOS> <EOS> <EOS> <EOS> <EOS> <EOS> <EOS> <EOS> <EOS> <EOS> <EOS> <EOS> <EOS> <EOS> <EOS> <EOS> <EOS> <EOS> <EOS> <EOS> <EOS> <EOS> <EOS> <EOS> <EOS> <EOS> <EOS> <EOS> <EOS> <EOS> <EOS> <EOS> <EOS> <EOS> <EOS> <EOS> <EOS> <EOS> <EOS> <EOS> <EOS> <EOS> <EOS>,1.0
29_em_159.bmp,simple,1 8,x - 3 <EOS> <EOS> <EOS> <EOS> <EOS> <EOS> <EOS> <EOS> <EOS> <EOS> <EOS> <EOS> <EOS> <EOS> <EOS> <EOS> <EOS> <EOS> <EOS> <EOS> <EOS> <EOS> <EOS> <EOS> <EOS> <EOS> <EOS> <EOS> <EOS> <EOS> <EOS> <EOS> <EOS> <EOS> <EOS> <EOS> <EOS> <EOS> <EOS> <EOS> <EOS> <EOS> <EOS> <EOS> <EOS> <EOS> <EOS> <EOS> <EOS> <EOS> <EOS> <EOS> <EOS> <EOS> <EOS> <EOS> <EOS> <EOS> <EOS> <EOS> <EOS> <EOS> <EOS> <EOS> <EOS> <EOS> <EOS> <EOS> <EOS> <EOS> <EOS> <EOS> <EOS> <EOS> <EOS> <EOS> <EOS> <EOS> <EOS> <EOS> <EOS> <EOS> <EOS> <EOS> <EOS> <EOS> <EOS> <EOS> <EOS> <EOS> <EOS> <EOS> <EOS> <EOS> <EOS> <EOS> <EOS>,1.0
RIT_2014_248.bmp,complex,\frac { 2 - p } { \sqrt { 1 - p } },\frac { \sqrt { 2 - \sqrt { 2 } } } { 2 \sqrt { 2 } } <EOS> <EOS> <EOS> <EOS> <EOS> <EOS> <EOS> <EOS> <EOS> <EOS> <EOS> <EOS> <EOS> <EOS> 0 0 0 0 0 0 0 <EOS> 0 } <EOS> 1 <EOS> <EOS> 0 <EOS> 0 <EOS> 0 <EOS> 0 <EOS> 0 } <EOS> 1 <EOS> <EOS> 1 <EOS> 0 0 0 <EOS> 0 <EOS> 0 <EOS> 0 } <EOS> 1 <EOS> <EOS> 0 <EOS> 0 <EOS> 0 <EOS> 0 } <EOS> 1 <EOS> <EOS> 1 <EOS> 0 0 0 <EOS> 0 <EOS> 0 } <EOS>,1.0
512_em_283.bmp,complex,x ^ { 2 } + 2 x y + y ^ { 2 } = ( x + y ) ^ { 2 },1 + 1 + 1 + 1 + 1 + 1 + 1 + 1 + 1 + 1 + 1 + 1 + 1 + 1 + 1 + 1 + 1 + 1 + 1 + 1 + 1 + 1 + 1 + 1 = 5 <EOS> <EOS> <EOS> <EOS> <EOS> <EOS> <EOS> <EOS> <EOS> <EOS> <EOS> <EOS> <EOS> <EOS> <EOS> <EOS> <EOS> <EOS> <EOS> <EOS> <EOS> <EOS> <EOS> <EOS> <EOS> <EOS> <EOS> <EOS> <EOS> <EOS> <EOS> <EOS> <EOS> <EOS> <EOS> <EOS> <EOS> <EOS> <EOS> <EOS> <EOS> <EOS> <EOS> <EOS> <EOS> <EOS> <EOS> <EOS> <EOS> <EOS> <EOS>,1.0
RIT_2014_304.bmp,complex,\lim \limits _ { x \rightarrow - \infty } P _ { k + 1 } ( x ) < 0,( a + b i ) - ( c + d i ) = ( a - c ) + ( b - c ) - d ( b - c ) <EOS> - ( a - b ) <EOS> <EOS> <EOS> <EOS> <EOS> <EOS> <EOS> <EOS> <EOS> <EOS> <EOS> <EOS> <EOS> <EOS> <EOS> <EOS> <EOS> <EOS> <EOS> <EOS> <EOS> <EOS> <EOS> <EOS> <EOS> <EOS> - c <EOS> <EOS> <EOS> <EOS> <EOS> <EOS> <EOS> <EOS> <EOS> <EOS> <EOS> <EOS> <EOS> <EOS> <EOS> <EOS> <EOS> <EOS> <EOS> <EOS> <EOS> <EOS> <EOS> <EOS> <EOS> - 7 <EOS> <EOS> <EOS> <EOS> <EOS> <EOS>,1.0
RIT_2014_117.bmp,complex,\frac { 1 } { [ ( k + 1 ) \pi ] },\frac { 1 } { 1 - z ^ { 1 } - 1 - z ^ { - 1 } } <EOS> <EOS> <EOS> <EOS> <EOS> <EOS> <EOS> <EOS> <EOS> <EOS> <EOS> <EOS> <EOS> <EOS> <EOS> <EOS> <EOS> <EOS> <EOS> <EOS> <EOS> <EOS> <EOS> <EOS> <EOS> <EOS> <EOS> <EOS> <EOS> <EOS> <EOS> <EOS> <EOS> <EOS> <EOS> <EOS> <EOS> <EOS> <EOS> <EOS> <EOS> <EOS> <EOS> <EOS> <EOS> <EOS> <EOS> <EOS> <EOS> <EOS> <EOS> <EOS> \frac { 1 } { 1 } <EOS> \frac { 1 } { 1 - \frac { 1 } { 1 } \frac { 1 },1.0
510_em_107.bmp,complex,\sqrt { a b } = \sqrt { a } \sqrt { b },\sqrt { a } \sqrt { b } = \sqrt { a } \sqrt { b } <EOS> <EOS> <EOS> <EOS> <EOS> <EOS> <EOS> <EOS> <EOS> <EOS> <EOS> <EOS> <EOS> <EOS> <EOS> <EOS> <EOS> <EOS> <EOS> <EOS> <EOS> <EOS> <EOS> <EOS> <EOS> <EOS> <EOS> <EOS> <EOS> <EOS> <EOS> <EOS> <EOS> <EOS> <EOS> <EOS> <EOS> <EOS> <EOS> <EOS> <EOS> <EOS> <EOS> <EOS> <EOS> <EOS> <EOS> <EOS> <EOS> <EOS> <EOS> <EOS> <EOS> <EOS> <EOS> <EOS> <EOS> <EOS> <EOS> <EOS> <EOS> <EOS> <EOS> <EOS> <EOS> <EOS> <EOS> <EOS> <EOS> <EOS> <EOS> <EOS> <EOS> <EOS> <EOS> <EOS> <EOS> <EOS> <EOS> <EOS> <EOS> <EOS> <EOS>,1.0
37_em_3.bmp,simple,t - 6,x - 8 <EOS> <EOS> <EOS> <EOS> <EOS> <EOS> <EOS> <EOS> <EOS> <EOS> <EOS> <EOS> <EOS> <EOS> <EOS> <EOS> <EOS> <EOS> <EOS> <EOS> <EOS> <EOS> <EOS> <EOS> <EOS> <EOS> <EOS> <EOS> <EOS> <EOS> <EOS> <EOS> <EOS> <EOS> <EOS> <EOS> <EOS> <EOS> <EOS> <EOS> <EOS> <EOS> <EOS> <EOS> <EOS> <EOS> <EOS> <EOS> <EOS> <EOS> <EOS> <EOS> <EOS> <EOS> <EOS> <EOS> <EOS> <EOS> <EOS> <EOS> <EOS> <EOS> <EOS> <EOS> <EOS> <EOS> <EOS> <EOS> <EOS> <EOS> <EOS> <EOS> <EOS> <EOS> <EOS> <EOS> <EOS> <EOS> <EOS> <EOS> <EOS> <EOS> <EOS> <EOS> <EOS> <EOS> <EOS> <EOS> <EOS> <EOS> <EOS> <EOS> <EOS> <EOS> <EOS> <EOS> <EOS>,1.0
18_em_8.bmp,complex,x _ { L L L } \leq x _ { L L },x _ { L L L } \leq x _ { L L } <EOS> <EOS> _ { L } <EOS> <EOS> _ { L } <EOS> <EOS> <EOS> _ { 0 } <EOS> <EOS> _ { 0 } <EOS> <EOS> _ { 0 } <EOS> <EOS> _ { 0 } <EOS> <EOS> _ { 0 } <EOS> <EOS> _ { 0 } <EOS> <EOS> _ { 0 } <EOS> 0 <EOS> 0 <EOS> 0 <EOS> 0 0 0 <EOS> 0 0 0 <EOS> 0 <EOS> 0 <EOS> 0 <EOS> 0 <EOS> 0 <EOS> 0 <EOS> 0 <EOS> 0 <EOS>,1.0
28_em_131.bmp,medium,z y + 2 z y + 2 z + 2 y,( a + b i ) - ( c + d i ) = ( a - c ) <EOS> <EOS> <EOS> <EOS> <EOS> <EOS> <EOS> <EOS> <EOS> <EOS> <EOS> <EOS> <EOS> <EOS> <EOS> <EOS> <EOS> <EOS> <EOS> <EOS> <EOS> <EOS> <EOS> <EOS> <EOS> <EOS> <EOS> <EOS> <EOS> <EOS> <EOS> <EOS> <EOS> <EOS> <EOS> <EOS> <EOS> <EOS> <EOS> <EOS> <EOS> <EOS> <EOS> <EOS> <EOS> <EOS> <EOS> <EOS> <EOS> <EOS> <EOS> <EOS> <EOS> <EOS> <EOS> <EOS> <EOS> <EOS> <EOS> <EOS> <EOS> <EOS> <EOS> <EOS> <EOS> <EOS> <EOS> <EOS> <EOS> <EOS> <EOS> <EOS> <EOS> <EOS> <EOS> <EOS> <EOS> <EOS> <EOS> <EOS> <EOS>,1.0
35_em_2.bmp,complex,( x + 2 y ) ( x ^ { 2 } - 2 x y + 4 y ^ { 2 } ),1 + 1 + 1 + 1 + 1 + 1 + 1 + 1 + 1 + 1 + 1 + 1 = 5 <EOS> <EOS> <EOS> <EOS> <EOS> <EOS> <EOS> <EOS> <EOS> <EOS> <EOS> <EOS> <EOS> <EOS> <EOS> <EOS> <EOS> <EOS> <EOS> <EOS> <EOS> <EOS> <EOS> <EOS> <EOS> <EOS> <EOS> <EOS> <EOS> <EOS> <EOS> <EOS> <EOS> <EOS> <EOS> <EOS> <EOS> <EOS> <EOS> <EOS> <EOS> <EOS> <EOS> <EOS> <EOS> <EOS> <EOS> <EOS> <EOS> <EOS> <EOS> <EOS> <EOS> <EOS> <EOS> <EOS> <EOS> <EOS> <EOS> <EOS> <EOS> <EOS> <EOS> <EOS> <EOS> <EOS> <EOS> <EOS> <EOS> <EOS> <EOS> <EOS> <EOS> <EOS> <EOS>,1.0
